Time [s], Analyzer Name, Decoded Protocol Result
1.068688000000000,pin5,'252' (0xFC)
1.073271000000000,pin5,B (0x42)
1.077855000000000,pin5,'1' (0x01)
1.082439000000000,pin5,0 (0x30)
1.087022000000000,pin5,'16' (0x10)
1.091606000000000,pin5,'2' (0x02)
1.096190000000000,pin5,'0' (0x00)
1.100773000000000,pin5,'0' (0x00)
1.105357000000000,pin5,'0' (0x00)
1.109940000000000,pin5,'0' (0x00)
1.114524000000000,pin5,'0' (0x00)
1.119108000000000,pin5,'0' (0x00)
1.123691000000000,pin5,'0' (0x00)
1.128275000000000,pin5,'0' (0x00)
1.132858000000000,pin5,'0' (0x00)
1.137442000000000,pin5,'0' (0x00)
1.142026000000000,pin5,'0' (0x00)
1.146609000000000,pin5,'0' (0x00)
1.151193000000000,pin5,'0' (0x00)
1.155777000000000,pin5,'0' (0x00)
1.160360000000000,pin5,'0' (0x00)
1.164944000000000,pin5,{ (0x7B)
1.181585000000000,pin4,'252' (0xFC)
1.186098000000000,pin4,b (0x62)
1.190612000000000,pin4,'1' (0x01)
1.195125000000000,pin4,0 (0x30)
1.199638000000000,pin4,'16' (0x10)
1.204152000000000,pin4,'2' (0x02)
1.208665000000000,pin4,'0' (0x00)
1.213179000000000,pin4,'0' (0x00)
1.217692000000000,pin4,'0' (0x00)
1.222205000000000,pin4,'3' (0x03)
1.226719000000000,pin4,'12' (0x0C)
1.231232000000000,pin4,'0' (0x00)
1.235745000000000,pin4,'1' (0x01)
1.240259000000000,pin4,'0' (0x00)
1.244772000000000,pin4,'0' (0x00)
1.249286000000000,pin4,'0' (0x00)
1.253799000000000,pin4,'166' (0xA6)
1.258312000000000,pin4,'0' (0x00)
1.262826000000000,pin4,'0' (0x00)
1.267339000000000,pin4,'0' (0x00)
1.271853000000000,pin4,'0' (0x00)
1.276366000000000,pin4,'165' (0xA5)
1.306307000000000,pin5,'252' (0xFC)
1.310890000000000,pin5,B (0x42)
1.315474000000000,pin5,'1' (0x01)
1.320057000000000,pin5,0 (0x30)
1.324641000000000,pin5,'16' (0x10)
1.329225000000000,pin5,'3' (0x03)
1.333808000000000,pin5,'0' (0x00)
1.338392000000000,pin5,'0' (0x00)
1.342975000000000,pin5,'0' (0x00)
1.347559000000000,pin5,'0' (0x00)
1.352143000000000,pin5,'0' (0x00)
1.356726000000000,pin5,'0' (0x00)
1.361310000000000,pin5,'0' (0x00)
1.365894000000000,pin5,'0' (0x00)
1.370477000000000,pin5,'0' (0x00)
1.375061000000000,pin5,'0' (0x00)
1.379644000000000,pin5,'0' (0x00)
1.384228000000000,pin5,'0' (0x00)
1.388812000000000,pin5,'0' (0x00)
1.393395000000000,pin5,'0' (0x00)
1.397979000000000,pin5,'0' (0x00)
1.402562000000000,pin5,z (0x7A)
1.422384000000000,pin4,'252' (0xFC)
1.426898000000000,pin4,b (0x62)
1.431411000000000,pin4,'1' (0x01)
1.435924000000000,pin4,0 (0x30)
1.440438000000000,pin4,'16' (0x10)
1.444951000000000,pin4,'3' (0x03)
1.449465000000000,pin4,'0' (0x00)
1.453978000000000,pin4,'0' (0x00)
1.458491000000000,pin4,\t (0x09)
1.463005000000000,pin4,'0' (0x00)
1.467518000000000,pin4,'150' (0x96)
1.472032000000000,pin4,'166' (0xA6)
1.476545000000000,pin4,'0' (0x00)
1.481058000000000,pin4,'0' (0x00)
1.485572000000000,pin4,'0' (0x00)
1.490085000000000,pin4,'0' (0x00)
1.494598000000000,pin4,'0' (0x00)
1.499112000000000,pin4,'0' (0x00)
1.503625000000000,pin4,'0' (0x00)
1.508139000000000,pin4,'0' (0x00)
1.512652000000000,pin4,'0' (0x00)
1.517165000000000,pin4,'21' (0x15)
1.542675000000000,pin5,'252' (0xFC)
1.547259000000000,pin5,A (0x41)
1.551842000000000,pin5,'1' (0x01)
1.556426000000000,pin5,0 (0x30)
1.561010000000000,pin5,'16' (0x10)
1.565593000000000,pin5,'1' (0x01)
1.663132000000000,pin4,'252' (0xFC)
1.667646000000000,pin4,a (0x61)
1.672159000000000,pin4,'1' (0x01)
1.676673000000000,pin4,0 (0x30)
1.681186000000000,pin4,'16' (0x10)
1.685699000000000,pin4,'0' (0x00)
1.597679000000000,pin5,'0' (0x00)
1.602262000000000,pin5,'0' (0x00)
1.606846000000000,pin5,'0' (0x00)
1.611429000000000,pin5,'0' (0x00)
1.616013000000000,pin5,'0' (0x00)
1.620597000000000,pin5,'0' (0x00)
1.625180000000000,pin5,'0' (0x00)
1.629764000000000,pin5,'128' (0x80)
1.634347000000000,pin5,'0' (0x00)
1.638931000000000,pin5,'252' (0xFC)
1.663132000000000,pin4,'252' (0xFC)
1.667646000000000,pin4,a (0x61)
1.672159000000000,pin4,'1' (0x01)
1.676673000000000,pin4,0 (0x30)
1.681186000000000,pin4,'16' (0x10)
1.685699000000000,pin4,'0' (0x00)
1.690213000000000,pin4,'0' (0x00)
1.694726000000000,pin4,'0' (0x00)
1.699240000000000,pin4,'0' (0x00)
1.703753000000000,pin4,'0' (0x00)
1.708266000000000,pin4,'0' (0x00)
1.712780000000000,pin4,'0' (0x00)
1.717293000000000,pin4,'0' (0x00)
1.721806000000000,pin4,'0' (0x00)
1.726320000000000,pin4,'0' (0x00)
1.730833000000000,pin4,'0' (0x00)
1.735347000000000,pin4,'0' (0x00)
1.739860000000000,pin4,'0' (0x00)
1.744373000000000,pin4,'0' (0x00)
1.748887000000000,pin4,'0' (0x00)
1.753400000000000,pin4,'0' (0x00)
1.757914000000000,pin4,^ (0x5E)
2.949324000000000,pin5,'252' (0xFC)
2.953907000000000,pin5,B (0x42)
2.958491000000000,pin5,'1' (0x01)
2.963075000000000,pin5,0 (0x30)
2.967658000000000,pin5,'16' (0x10)
2.972242000000000,pin5,'2' (0x02)
2.976826000000000,pin5,'0' (0x00)
2.981409000000000,pin5,'0' (0x00)
2.985993000000000,pin5,'0' (0x00)
2.990576000000000,pin5,'0' (0x00)
2.995160000000000,pin5,'0' (0x00)
2.999744000000000,pin5,'0' (0x00)
3.004327000000000,pin5,'0' (0x00)
3.008911000000000,pin5,'0' (0x00)
3.013494000000000,pin5,'0' (0x00)
3.018078000000000,pin5,'0' (0x00)
3.022662000000000,pin5,'0' (0x00)
3.027245000000000,pin5,'0' (0x00)
3.031829000000000,pin5,'0' (0x00)
3.036413000000000,pin5,'0' (0x00)
3.040996000000000,pin5,'0' (0x00)
3.045580000000000,pin5,{ (0x7B)
3.062385000000000,pin4,'252' (0xFC)
3.066898000000000,pin4,b (0x62)
3.071412000000000,pin4,'1' (0x01)
3.075925000000000,pin4,0 (0x30)
3.080439000000000,pin4,'16' (0x10)
3.084952000000000,pin4,'2' (0x02)
3.089465000000000,pin4,'0' (0x00)
3.093979000000000,pin4,'0' (0x00)
3.098492000000000,pin4,'0' (0x00)
3.103005000000000,pin4,'3' (0x03)
3.107519000000000,pin4,'12' (0x0C)
3.112032000000000,pin4,'0' (0x00)
3.116546000000000,pin4,'1' (0x01)
3.121059000000000,pin4,'0' (0x00)
3.125572000000000,pin4,'0' (0x00)
3.130086000000000,pin4,'0' (0x00)
3.134599000000000,pin4,'166' (0xA6)
3.139113000000000,pin4,'0' (0x00)
3.143626000000000,pin4,'0' (0x00)
3.148139000000000,pin4,'0' (0x00)
3.152653000000000,pin4,'0' (0x00)
3.157166000000000,pin4,'165' (0xA5)
3.186943000000000,pin5,'252' (0xFC)
3.191526000000000,pin5,B (0x42)
3.196110000000000,pin5,'1' (0x01)
3.200693000000000,pin5,0 (0x30)
3.205277000000000,pin5,'16' (0x10)
3.209861000000000,pin5,'3' (0x03)
3.214444000000000,pin5,'0' (0x00)
3.219028000000000,pin5,'0' (0x00)
3.223612000000000,pin5,'0' (0x00)
3.228195000000000,pin5,'0' (0x00)
3.232779000000000,pin5,'0' (0x00)
3.237362000000000,pin5,'0' (0x00)
3.241946000000000,pin5,'0' (0x00)
3.246530000000000,pin5,'0' (0x00)
3.251113000000000,pin5,'0' (0x00)
3.255697000000000,pin5,'0' (0x00)
3.260280000000000,pin5,'0' (0x00)
3.264864000000000,pin5,'0' (0x00)
3.269448000000000,pin5,'0' (0x00)
3.274031000000000,pin5,'0' (0x00)
3.278615000000000,pin5,'0' (0x00)
3.283198000000000,pin5,z (0x7A)
3.303723000000000,pin4,'252' (0xFC)
3.308236000000000,pin4,b (0x62)
3.312750000000000,pin4,'1' (0x01)
3.317263000000000,pin4,0 (0x30)
3.321777000000000,pin4,'16' (0x10)
3.326290000000000,pin4,'3' (0x03)
3.330803000000000,pin4,'0' (0x00)
3.335317000000000,pin4,'0' (0x00)
3.339830000000000,pin4,\t (0x09)
3.344343000000000,pin4,'0' (0x00)
3.348857000000000,pin4,'150' (0x96)
3.353370000000000,pin4,'166' (0xA6)
3.357884000000000,pin4,'0' (0x00)
3.362397000000000,pin4,'0' (0x00)
3.366910000000000,pin4,'0' (0x00)
3.371424000000000,pin4,'0' (0x00)
3.375937000000000,pin4,'0' (0x00)
3.380451000000000,pin4,'0' (0x00)
3.384964000000000,pin4,'0' (0x00)
3.389477000000000,pin4,'0' (0x00)
3.393991000000000,pin4,'0' (0x00)
3.398504000000000,pin4,'21' (0x15)
3.429015000000000,pin5,'252' (0xFC)
3.433598000000000,pin5,A (0x41)
3.438182000000000,pin5,'1' (0x01)
3.442766000000000,pin5,0 (0x30)
3.447349000000000,pin5,'16' (0x10)
3.451933000000000,pin5,'1' (0x01)
3.456516000000000,pin5,'1' (0x01)
3.461100000000000,pin5,'0' (0x00)
3.465684000000000,pin5,'0' (0x00)
3.470267000000000,pin5,'0' (0x00)
3.474851000000000,pin5,'0' (0x00)
3.479434000000000,pin5,'0' (0x00)
3.484018000000000,pin5,'0' (0x00)
3.488602000000000,pin5,'0' (0x00)
3.493185000000000,pin5,'0' (0x00)
3.497769000000000,pin5,'0' (0x00)
3.502353000000000,pin5,'0' (0x00)
3.506936000000000,pin5,'0' (0x00)
3.511520000000000,pin5,'0' (0x00)
3.516103000000000,pin5,'128' (0x80)
3.520687000000000,pin5,'0' (0x00)
3.525271000000000,pin5,'252' (0xFC)
3.543830000000000,pin4,'252' (0xFC)
3.548343000000000,pin4,a (0x61)
3.552857000000000,pin4,'1' (0x01)
3.557370000000000,pin4,0 (0x30)
3.561884000000000,pin4,'16' (0x10)
3.566397000000000,pin4,'0' (0x00)
3.570910000000000,pin4,'0' (0x00)
3.575424000000000,pin4,'0' (0x00)
3.579937000000000,pin4,'0' (0x00)
3.584451000000000,pin4,'0' (0x00)
3.588964000000000,pin4,'0' (0x00)
3.593477000000000,pin4,'0' (0x00)
3.597991000000000,pin4,'0' (0x00)
3.602504000000000,pin4,'0' (0x00)
3.607017000000000,pin4,'0' (0x00)
3.611531000000000,pin4,'0' (0x00)
3.616044000000000,pin4,'0' (0x00)
3.620558000000000,pin4,'0' (0x00)
3.625071000000000,pin4,'0' (0x00)
3.629584000000000,pin4,'0' (0x00)
3.634098000000000,pin4,'0' (0x00)
3.638611000000000,pin4,^ (0x5E)
4.830012000000000,pin5,'252' (0xFC)
4.834596000000000,pin5,B (0x42)
4.839179000000000,pin5,'1' (0x01)
4.843763000000000,pin5,0 (0x30)
4.848346000000000,pin5,'16' (0x10)
4.852930000000000,pin5,'2' (0x02)
4.857514000000000,pin5,'0' (0x00)
4.862097000000000,pin5,'0' (0x00)
4.866681000000000,pin5,'0' (0x00)
4.871265000000000,pin5,'0' (0x00)
4.875848000000000,pin5,'0' (0x00)
4.880432000000000,pin5,'0' (0x00)
4.885015000000000,pin5,'0' (0x00)
4.889599000000000,pin5,'0' (0x00)
4.894183000000000,pin5,'0' (0x00)
4.898766000000000,pin5,'0' (0x00)
4.903350000000000,pin5,'0' (0x00)
4.907933000000000,pin5,'0' (0x00)
4.912517000000000,pin5,'0' (0x00)
4.917101000000000,pin5,'0' (0x00)
4.921684000000000,pin5,'0' (0x00)
4.926268000000000,pin5,{ (0x7B)
4.943416000000000,pin4,'252' (0xFC)
4.947929000000000,pin4,b (0x62)
4.952443000000000,pin4,'1' (0x01)
4.956956000000000,pin4,0 (0x30)
4.961470000000000,pin4,'16' (0x10)
4.965983000000000,pin4,'2' (0x02)
4.970496000000000,pin4,'0' (0x00)
4.975010000000000,pin4,'0' (0x00)
4.979523000000000,pin4,'0' (0x00)
4.984036000000000,pin4,'3' (0x03)
4.988550000000000,pin4,'12' (0x0C)
4.993063000000000,pin4,'0' (0x00)
4.997577000000000,pin4,'1' (0x01)
5.002090000000000,pin4,'0' (0x00)
5.006603000000000,pin4,'0' (0x00)
5.011117000000000,pin4,'0' (0x00)
5.015630000000000,pin4,'166' (0xA6)
5.020144000000000,pin4,'0' (0x00)
5.024657000000000,pin4,'0' (0x00)
5.029170000000000,pin4,'0' (0x00)
5.033684000000000,pin4,'0' (0x00)
5.038197000000000,pin4,'165' (0xA5)
5.067579000000000,pin5,'252' (0xFC)
5.072162000000000,pin5,B (0x42)
5.076746000000000,pin5,'1' (0x01)
5.081329000000000,pin5,0 (0x30)
5.085913000000000,pin5,'16' (0x10)
5.090497000000000,pin5,'3' (0x03)
5.095080000000000,pin5,'0' (0x00)
5.099664000000000,pin5,'0' (0x00)
5.104248000000000,pin5,'0' (0x00)
5.108831000000000,pin5,'0' (0x00)
5.113415000000000,pin5,'0' (0x00)
5.117998000000000,pin5,'0' (0x00)
5.122582000000000,pin5,'0' (0x00)
5.127166000000000,pin5,'0' (0x00)
5.131749000000000,pin5,'0' (0x00)
5.136333000000000,pin5,'0' (0x00)
5.140916000000000,pin5,'0' (0x00)
5.145500000000000,pin5,'0' (0x00)
5.150084000000000,pin5,'0' (0x00)
5.154667000000000,pin5,'0' (0x00)
5.159251000000000,pin5,'0' (0x00)
5.163835000000000,pin5,z (0x7A)
5.184113000000000,pin4,'252' (0xFC)
5.188626000000000,pin4,b (0x62)
5.193140000000000,pin4,'1' (0x01)
5.197653000000000,pin4,0 (0x30)
5.202166000000000,pin4,'16' (0x10)
5.206680000000000,pin4,'3' (0x03)
5.211193000000000,pin4,'0' (0x00)
5.215707000000000,pin4,'0' (0x00)
5.220220000000000,pin4,\t (0x09)
5.224733000000000,pin4,'0' (0x00)
5.229247000000000,pin4,'150' (0x96)
5.233760000000000,pin4,'166' (0xA6)
5.238274000000000,pin4,'0' (0x00)
5.242787000000000,pin4,'0' (0x00)
5.247300000000000,pin4,'0' (0x00)
5.251814000000000,pin4,'0' (0x00)
5.256327000000000,pin4,'0' (0x00)
5.260840000000000,pin4,'0' (0x00)
5.265354000000000,pin4,'0' (0x00)
5.269867000000000,pin4,'0' (0x00)
5.274381000000000,pin4,'0' (0x00)
5.278894000000000,pin4,'21' (0x15)
5.303921000000000,pin5,'252' (0xFC)
5.308505000000000,pin5,A (0x41)
5.313088000000000,pin5,'1' (0x01)
5.317672000000000,pin5,0 (0x30)
5.322256000000000,pin5,'16' (0x10)
5.326839000000000,pin5,'1' (0x01)
5.331423000000000,pin5,'1' (0x01)
5.336007000000000,pin5,'0' (0x00)
5.340590000000000,pin5,'0' (0x00)
5.345174000000000,pin5,'0' (0x00)
5.349757000000000,pin5,'0' (0x00)
5.354341000000000,pin5,'0' (0x00)
5.358925000000000,pin5,'0' (0x00)
5.363508000000000,pin5,'0' (0x00)
5.368092000000000,pin5,'0' (0x00)
5.372675000000000,pin5,'0' (0x00)
5.377259000000000,pin5,'0' (0x00)
5.381843000000000,pin5,'0' (0x00)
5.386426000000000,pin5,'0' (0x00)
5.391010000000000,pin5,'128' (0x80)
5.395593000000000,pin5,'0' (0x00)
5.400177000000000,pin5,'252' (0xFC)
5.424835000000000,pin4,'252' (0xFC)
5.429349000000000,pin4,a (0x61)
5.433862000000000,pin4,'1' (0x01)
5.438376000000000,pin4,0 (0x30)
5.442889000000000,pin4,'16' (0x10)
5.447402000000000,pin4,'0' (0x00)
5.451916000000000,pin4,'0' (0x00)
5.456429000000000,pin4,'0' (0x00)
5.460942000000000,pin4,'0' (0x00)
5.465456000000000,pin4,'0' (0x00)
5.469969000000000,pin4,'0' (0x00)
5.474483000000000,pin4,'0' (0x00)
5.478996000000000,pin4,'0' (0x00)
5.483509000000000,pin4,'0' (0x00)
5.488023000000000,pin4,'0' (0x00)
5.492536000000000,pin4,'0' (0x00)
5.497050000000000,pin4,'0' (0x00)
5.501563000000000,pin4,'0' (0x00)
5.506076000000000,pin4,'0' (0x00)
5.510590000000000,pin4,'0' (0x00)
5.515103000000000,pin4,'0' (0x00)
5.519616000000000,pin4,^ (0x5E)
6.707835000000000,pin5,'252' (0xFC)
6.712419000000000,pin5,B (0x42)
6.717003000000000,pin5,'1' (0x01)
6.721586000000000,pin5,0 (0x30)
6.726170000000000,pin5,'16' (0x10)
6.730753000000000,pin5,'2' (0x02)
6.735337000000000,pin5,'0' (0x00)
6.739921000000000,pin5,'0' (0x00)
6.744504000000000,pin5,'0' (0x00)
6.749088000000000,pin5,'0' (0x00)
6.753671000000000,pin5,'0' (0x00)
6.758255000000000,pin5,'0' (0x00)
6.762839000000000,pin5,'0' (0x00)
6.767422000000000,pin5,'0' (0x00)
6.772006000000000,pin5,'0' (0x00)
6.776590000000000,pin5,'0' (0x00)
6.781173000000000,pin5,'0' (0x00)
6.785757000000000,pin5,'0' (0x00)
6.790340000000000,pin5,'0' (0x00)
6.794924000000000,pin5,'0' (0x00)
6.799508000000000,pin5,'0' (0x00)
6.804091000000000,pin5,{ (0x7B)
6.824806000000000,pin4,'252' (0xFC)
6.829319000000000,pin4,b (0x62)
6.833833000000000,pin4,'1' (0x01)
6.838346000000000,pin4,0 (0x30)
6.842859000000000,pin4,'16' (0x10)
6.847373000000000,pin4,'2' (0x02)
6.851886000000000,pin4,'0' (0x00)
6.856400000000000,pin4,'0' (0x00)
6.860913000000000,pin4,'0' (0x00)
6.865426000000000,pin4,'3' (0x03)
6.869940000000000,pin4,'12' (0x0C)
6.874453000000000,pin4,'0' (0x00)
6.878967000000000,pin4,'1' (0x01)
6.883480000000000,pin4,'0' (0x00)
6.887993000000000,pin4,'0' (0x00)
6.892507000000000,pin4,'0' (0x00)
6.897020000000000,pin4,'166' (0xA6)
6.901533000000000,pin4,'0' (0x00)
6.906047000000000,pin4,'0' (0x00)
6.910560000000000,pin4,'0' (0x00)
6.915074000000000,pin4,'0' (0x00)
6.919587000000000,pin4,'165' (0xA5)
6.945532000000000,pin5,'252' (0xFC)
6.950116000000000,pin5,B (0x42)
6.954699000000000,pin5,'1' (0x01)
6.959283000000000,pin5,0 (0x30)
6.963867000000000,pin5,'16' (0x10)
6.968450000000000,pin5,'3' (0x03)
6.973034000000000,pin5,'0' (0x00)
6.977617000000000,pin5,'0' (0x00)
6.982201000000000,pin5,'0' (0x00)
6.986785000000000,pin5,'0' (0x00)
6.991368000000000,pin5,'0' (0x00)
6.995952000000000,pin5,'0' (0x00)
7.000536000000000,pin5,'0' (0x00)
7.005119000000000,pin5,'0' (0x00)
7.009703000000000,pin5,'0' (0x00)
7.014286000000000,pin5,'0' (0x00)
7.018870000000000,pin5,'0' (0x00)
7.023454000000000,pin5,'0' (0x00)
7.028037000000000,pin5,'0' (0x00)
7.032621000000000,pin5,'0' (0x00)
7.037204000000000,pin5,'0' (0x00)
7.041788000000000,pin5,z (0x7A)
7.064887000000000,pin4,'252' (0xFC)
7.069401000000000,pin4,b (0x62)
7.073914000000000,pin4,'1' (0x01)
7.078427000000000,pin4,0 (0x30)
7.082941000000000,pin4,'16' (0x10)
7.087454000000000,pin4,'3' (0x03)
7.091968000000000,pin4,'0' (0x00)
7.096481000000000,pin4,'0' (0x00)
7.100994000000000,pin4,\t (0x09)
7.105508000000000,pin4,'0' (0x00)
7.110021000000000,pin4,'150' (0x96)
7.114535000000000,pin4,'166' (0xA6)
7.119048000000000,pin4,'0' (0x00)
7.123561000000000,pin4,'0' (0x00)
7.128075000000000,pin4,'0' (0x00)
7.132588000000000,pin4,'0' (0x00)
7.137101000000000,pin4,'0' (0x00)
7.141615000000000,pin4,'0' (0x00)
7.146128000000000,pin4,'0' (0x00)
7.150642000000000,pin4,'0' (0x00)
7.155155000000000,pin4,'0' (0x00)
7.159668000000000,pin4,'21' (0x15)
7.187370000000000,pin5,'252' (0xFC)
7.191954000000000,pin5,A (0x41)
7.196537000000000,pin5,'1' (0x01)
7.201121000000000,pin5,0 (0x30)
7.205704000000000,pin5,'16' (0x10)
7.210288000000000,pin5,'1' (0x01)
7.214872000000000,pin5,'11' (0x0B)
7.219455000000000,pin5,'0' (0x00)
7.224039000000000,pin5,'1' (0x01)
7.228622000000000,pin5,'7' (0x07)
7.233206000000000,pin5,'0' (0x00)
7.237790000000000,pin5,'5' (0x05)
7.242373000000000,pin5,'0' (0x00)
7.246957000000000,pin5,'0' (0x00)
7.251541000000000,pin5,'0' (0x00)
7.256124000000000,pin5,'0' (0x00)
7.260708000000000,pin5,'0' (0x00)
7.265291000000000,pin5,'0' (0x00)
7.269875000000000,pin5,'0' (0x00)
7.274459000000000,pin5,'128' (0x80)
7.279042000000000,pin5,'0' (0x00)
7.283626000000000,pin5,'229' (0xE5)
7.305507000000000,pin4,'252' (0xFC)
7.310021000000000,pin4,a (0x61)
7.314534000000000,pin4,'1' (0x01)
7.319047000000000,pin4,0 (0x30)
7.323561000000000,pin4,'16' (0x10)
7.328074000000000,pin4,'0' (0x00)
7.332588000000000,pin4,'0' (0x00)
7.337101000000000,pin4,'0' (0x00)
7.341614000000000,pin4,'0' (0x00)
7.346128000000000,pin4,'0' (0x00)
7.350641000000000,pin4,'0' (0x00)
7.355154000000000,pin4,'0' (0x00)
7.359668000000000,pin4,'0' (0x00)
7.364181000000000,pin4,'0' (0x00)
7.368695000000000,pin4,'0' (0x00)
7.373208000000000,pin4,'0' (0x00)
7.377721000000000,pin4,'0' (0x00)
7.382235000000000,pin4,'0' (0x00)
7.386748000000000,pin4,'0' (0x00)
7.391262000000000,pin4,'0' (0x00)
7.395775000000000,pin4,'0' (0x00)
7.400288000000000,pin4,^ (0x5E)
8.591336000000000,pin5,'252' (0xFC)
8.595920000000000,pin5,B (0x42)
8.600503000000000,pin5,'1' (0x01)
8.605086999999999,pin5,0 (0x30)
8.609671000000001,pin5,'16' (0x10)
8.614254000000001,pin5,'2' (0x02)
8.618838000000000,pin5,'0' (0x00)
8.623421000000000,pin5,'0' (0x00)
8.628005000000000,pin5,'0' (0x00)
8.632588999999999,pin5,'0' (0x00)
8.637172000000000,pin5,'0' (0x00)
8.641756000000001,pin5,'0' (0x00)
8.646338999999999,pin5,'0' (0x00)
8.650923000000001,pin5,'0' (0x00)
8.655507000000000,pin5,'0' (0x00)
8.660090000000000,pin5,'0' (0x00)
8.664674000000000,pin5,'0' (0x00)
8.669257999999999,pin5,'0' (0x00)
8.673840999999999,pin5,'0' (0x00)
8.678425000000001,pin5,'0' (0x00)
8.683007999999999,pin5,'0' (0x00)
8.687592000000000,pin5,{ (0x7B)
8.705093000000000,pin4,'252' (0xFC)
8.709606000000001,pin4,b (0x62)
8.714119999999999,pin4,'1' (0x01)
8.718633000000001,pin4,0 (0x30)
8.723147000000001,pin4,'16' (0x10)
8.727660000000000,pin4,'2' (0x02)
8.732173000000000,pin4,'0' (0x00)
8.736687000000000,pin4,'0' (0x00)
8.741199999999999,pin4,'1' (0x01)
8.745714000000000,pin4,'7' (0x07)
8.750227000000001,pin4,'12' (0x0C)
8.754740000000000,pin4,'5' (0x05)
8.759254000000000,pin4,'1' (0x01)
8.763767000000000,pin4,'0' (0x00)
8.768281000000000,pin4,'0' (0x00)
8.772793999999999,pin4,'0' (0x00)
8.777307000000000,pin4,'166' (0xA6)
8.781821000000001,pin4,'0' (0x00)
8.786334000000000,pin4,'0' (0x00)
8.790846999999999,pin4,'0' (0x00)
8.795361000000000,pin4,'0' (0x00)
8.799874000000001,pin4,'155' (0x9B)
8.828903000000000,pin5,'252' (0xFC)
8.833486000000001,pin5,B (0x42)
8.838070000000000,pin5,'1' (0x01)
8.842654000000000,pin5,0 (0x30)
8.847237000000000,pin5,'16' (0x10)
8.851820999999999,pin5,'3' (0x03)
8.856403999999999,pin5,'0' (0x00)
8.860988000000001,pin5,'0' (0x00)
8.865572000000000,pin5,'0' (0x00)
8.870155000000000,pin5,'0' (0x00)
8.874739000000000,pin5,'0' (0x00)
8.879322999999999,pin5,'0' (0x00)
8.883906000000000,pin5,'0' (0x00)
8.888489999999999,pin5,'0' (0x00)
8.893072999999999,pin5,'0' (0x00)
8.897657000000001,pin5,'0' (0x00)
8.902241000000000,pin5,'0' (0x00)
8.906824000000000,pin5,'0' (0x00)
8.911408000000000,pin5,'0' (0x00)
8.915991000000000,pin5,'0' (0x00)
8.920574999999999,pin5,'0' (0x00)
8.925159000000001,pin5,z (0x7A)
8.945867000000000,pin4,'252' (0xFC)
8.950379999999999,pin4,b (0x62)
8.954893999999999,pin4,'1' (0x01)
8.959407000000001,pin4,0 (0x30)
8.963920000000000,pin4,'16' (0x10)
8.968434000000000,pin4,'3' (0x03)
8.972947000000000,pin4,'0' (0x00)
8.977461000000000,pin4,'0' (0x00)
8.981973999999999,pin4,\t (0x09)
8.986487000000000,pin4,'0' (0x00)
8.991001000000001,pin4,'150' (0x96)
8.995514000000000,pin4,'166' (0xA6)
9.000028000000000,pin4,'0' (0x00)
9.004541000000000,pin4,'0' (0x00)
9.009054000000001,pin4,'0' (0x00)
9.013567999999999,pin4,'0' (0x00)
9.018081000000000,pin4,'0' (0x00)
9.022594000000000,pin4,'0' (0x00)
9.027108000000000,pin4,'0' (0x00)
9.031620999999999,pin4,'0' (0x00)
9.036135000000000,pin4,'0' (0x00)
9.040647999999999,pin4,'21' (0x15)
9.065141000000001,pin5,'252' (0xFC)
9.069725000000000,pin5,A (0x41)
9.074308000000000,pin5,'1' (0x01)
9.078892000000000,pin5,0 (0x30)
9.083475999999999,pin5,'16' (0x10)
9.088058999999999,pin5,'1' (0x01)
9.092643000000001,pin5,'11' (0x0B)
9.097225999999999,pin5,'0' (0x00)
9.101810000000000,pin5,'1' (0x01)
9.106394000000000,pin5,'7' (0x07)
9.110977000000000,pin5,'0' (0x00)
9.115561000000000,pin5,'5' (0x05)
9.120145000000001,pin5,'0' (0x00)
9.124727999999999,pin5,'0' (0x00)
9.129312000000001,pin5,'0' (0x00)
9.133895000000001,pin5,'0' (0x00)
9.138479000000000,pin5,'0' (0x00)
9.143063000000000,pin5,'0' (0x00)
9.147646000000000,pin5,'0' (0x00)
9.152229999999999,pin5,'128' (0x80)
9.156813000000000,pin5,'0' (0x00)
9.161396999999999,pin5,'229' (0xE5)
9.186615000000000,pin4,'252' (0xFC)
9.191128000000001,pin4,a (0x61)
9.195641999999999,pin4,'1' (0x01)
9.200155000000001,pin4,0 (0x30)
9.204669000000001,pin4,'16' (0x10)
9.209182000000000,pin4,'0' (0x00)
9.213695000000000,pin4,'0' (0x00)
9.218209000000000,pin4,'0' (0x00)
9.222721999999999,pin4,'0' (0x00)
9.227236000000000,pin4,'0' (0x00)
9.231749000000001,pin4,'0' (0x00)
9.236262000000000,pin4,'0' (0x00)
9.240776000000000,pin4,'0' (0x00)
9.245289000000000,pin4,'0' (0x00)
9.249802000000001,pin4,'0' (0x00)
9.254315999999999,pin4,'0' (0x00)
9.258829000000000,pin4,'0' (0x00)
9.263343000000001,pin4,'0' (0x00)
9.267856000000000,pin4,'0' (0x00)
9.272368999999999,pin4,'0' (0x00)
9.276883000000000,pin4,'0' (0x00)
9.281396000000001,pin4,^ (0x5E)
10.469212000000001,pin5,'252' (0xFC)
10.473795000000001,pin5,B (0x42)
10.478379000000000,pin5,'1' (0x01)
10.482962000000001,pin5,0 (0x30)
10.487546000000000,pin5,'16' (0x10)
10.492130000000000,pin5,'2' (0x02)
10.496713000000000,pin5,'0' (0x00)
10.501296999999999,pin5,'0' (0x00)
10.505879999999999,pin5,'0' (0x00)
10.510464000000001,pin5,'0' (0x00)
10.515048000000000,pin5,'0' (0x00)
10.519631000000000,pin5,'0' (0x00)
10.524215000000000,pin5,'0' (0x00)
10.528798999999999,pin5,'0' (0x00)
10.533382000000000,pin5,'0' (0x00)
10.537966000000001,pin5,'0' (0x00)
10.542548999999999,pin5,'0' (0x00)
10.547133000000001,pin5,'0' (0x00)
10.551717000000000,pin5,'0' (0x00)
10.556300000000000,pin5,'0' (0x00)
10.560884000000000,pin5,'0' (0x00)
10.565467000000000,pin5,{ (0x7B)
10.586047000000001,pin4,'252' (0xFC)
10.590560000000000,pin4,b (0x62)
10.595074000000000,pin4,'1' (0x01)
10.599587000000000,pin4,0 (0x30)
10.604101000000000,pin4,'16' (0x10)
10.608613999999999,pin4,'2' (0x02)
10.613127000000000,pin4,'0' (0x00)
10.617641000000001,pin4,'0' (0x00)
10.622154000000000,pin4,'1' (0x01)
10.626666999999999,pin4,'7' (0x07)
10.631181000000000,pin4,'12' (0x0C)
10.635694000000001,pin4,'5' (0x05)
10.640207999999999,pin4,'1' (0x01)
10.644721000000001,pin4,'0' (0x00)
10.649234000000000,pin4,'0' (0x00)
10.653748000000000,pin4,'0' (0x00)
10.658261000000000,pin4,'166' (0xA6)
10.662775000000000,pin4,'0' (0x00)
10.667287999999999,pin4,'0' (0x00)
10.671801000000000,pin4,'0' (0x00)
10.676315000000001,pin4,'0' (0x00)
10.680828000000000,pin4,'155' (0x9B)
10.706882000000000,pin5,'252' (0xFC)
10.711466000000000,pin5,B (0x42)
10.716049999999999,pin5,'1' (0x01)
10.720632999999999,pin5,0 (0x30)
10.725217000000001,pin5,'16' (0x10)
10.729799999999999,pin5,'3' (0x03)
10.734384000000000,pin5,'0' (0x00)
10.738968000000000,pin5,'0' (0x00)
10.743551000000000,pin5,'0' (0x00)
10.748135000000000,pin5,'0' (0x00)
10.752718000000000,pin5,'0' (0x00)
10.757301999999999,pin5,'0' (0x00)
10.761886000000001,pin5,'0' (0x00)
10.766469000000001,pin5,'0' (0x00)
10.771053000000000,pin5,'0' (0x00)
10.775637000000000,pin5,'0' (0x00)
10.780220000000000,pin5,'0' (0x00)
10.784803999999999,pin5,'0' (0x00)
10.789387000000000,pin5,'0' (0x00)
10.793971000000001,pin5,'0' (0x00)
10.798555000000000,pin5,'0' (0x00)
10.803138000000001,pin5,z (0x7A)
10.827847000000000,pin4,'252' (0xFC)
10.832360000000000,pin4,b (0x62)
10.836873000000001,pin4,'1' (0x01)
10.841386999999999,pin4,0 (0x30)
10.845900000000000,pin4,'16' (0x10)
10.850414000000001,pin4,'3' (0x03)
10.854927000000000,pin4,'0' (0x00)
10.859439999999999,pin4,'0' (0x00)
10.863954000000000,pin4,\t (0x09)
10.868467000000001,pin4,'0' (0x00)
10.872980000000000,pin4,'150' (0x96)
10.877494000000000,pin4,'166' (0xA6)
10.882007000000000,pin4,'0' (0x00)
10.886521000000000,pin4,'0' (0x00)
10.891033999999999,pin4,'0' (0x00)
10.895547000000001,pin4,'0' (0x00)
10.900061000000001,pin4,'0' (0x00)
10.904574000000000,pin4,'0' (0x00)
10.909088000000001,pin4,'0' (0x00)
10.913601000000000,pin4,'0' (0x00)
10.918113999999999,pin4,'0' (0x00)
10.922628000000000,pin4,'21' (0x15)
10.948642000000000,pin5,'252' (0xFC)
10.953226000000001,pin5,A (0x41)
10.957808999999999,pin5,'1' (0x01)
10.962393000000000,pin5,0 (0x30)
10.966976000000001,pin5,'16' (0x10)
10.971560000000000,pin5,'1' (0x01)
10.976144000000000,pin5,'11' (0x0B)
10.980727000000000,pin5,'0' (0x00)
10.985310999999999,pin5,'1' (0x01)
10.989894000000000,pin5,'7' (0x07)
10.994478000000001,pin5,'0' (0x00)
10.999062000000000,pin5,'5' (0x05)
11.003645000000001,pin5,'0' (0x00)
11.008229000000000,pin5,'0' (0x00)
11.012813000000000,pin5,'0' (0x00)
11.017396000000000,pin5,'0' (0x00)
11.021979999999999,pin5,'0' (0x00)
11.026562999999999,pin5,'0' (0x00)
11.031147000000001,pin5,'0' (0x00)
11.035731000000000,pin5,'128' (0x80)
11.040314000000000,pin5,'0' (0x00)
11.044898000000000,pin5,'229' (0xE5)
11.067441000000001,pin4,'252' (0xFC)
11.071954000000000,pin4,a (0x61)
11.076466999999999,pin4,'1' (0x01)
11.080981000000000,pin4,0 (0x30)
11.085494000000001,pin4,'16' (0x10)
11.090007999999999,pin4,'0' (0x00)
11.094521000000000,pin4,'0' (0x00)
11.099034000000000,pin4,'0' (0x00)
11.103548000000000,pin4,'0' (0x00)
11.108060999999999,pin4,'0' (0x00)
11.112575000000000,pin4,'0' (0x00)
11.117088000000001,pin4,'0' (0x00)
11.121601000000000,pin4,'0' (0x00)
11.126115000000000,pin4,'0' (0x00)
11.130628000000000,pin4,'0' (0x00)
11.135142000000000,pin4,'0' (0x00)
11.139654999999999,pin4,'0' (0x00)
11.144168000000001,pin4,'0' (0x00)
11.148682000000001,pin4,'0' (0x00)
11.153195000000000,pin4,'0' (0x00)
11.157708000000000,pin4,'0' (0x00)
11.162222000000000,pin4,^ (0x5E)
12.352686000000000,pin5,'252' (0xFC)
12.357270000000000,pin5,B (0x42)
12.361853999999999,pin5,'1' (0x01)
12.366436999999999,pin5,0 (0x30)
12.371021000000001,pin5,'16' (0x10)
12.375603999999999,pin5,'2' (0x02)
12.380188000000000,pin5,'0' (0x00)
12.384772000000000,pin5,'0' (0x00)
12.389355000000000,pin5,'0' (0x00)
12.393939000000000,pin5,'0' (0x00)
12.398522000000000,pin5,'0' (0x00)
12.403105999999999,pin5,'0' (0x00)
12.407690000000001,pin5,'0' (0x00)
12.412273000000001,pin5,'0' (0x00)
12.416857000000000,pin5,'0' (0x00)
12.421440000000000,pin5,'0' (0x00)
12.426024000000000,pin5,'0' (0x00)
12.430607999999999,pin5,'0' (0x00)
12.435191000000000,pin5,'0' (0x00)
12.439774999999999,pin5,'0' (0x00)
12.444359000000000,pin5,'0' (0x00)
12.448942000000001,pin5,{ (0x7B)
12.466975000000000,pin4,'252' (0xFC)
12.471489000000000,pin4,b (0x62)
12.476001999999999,pin4,'1' (0x01)
12.480515000000000,pin4,0 (0x30)
12.485029000000001,pin4,'16' (0x10)
12.489542000000000,pin4,'2' (0x02)
12.494056000000000,pin4,'0' (0x00)
12.498569000000000,pin4,'0' (0x00)
12.503081999999999,pin4,'1' (0x01)
12.507595999999999,pin4,'7' (0x07)
12.512109000000001,pin4,'12' (0x0C)
12.516622999999999,pin4,'5' (0x05)
12.521136000000000,pin4,'1' (0x01)
12.525649000000000,pin4,'0' (0x00)
12.530163000000000,pin4,'0' (0x00)
12.534675999999999,pin4,'0' (0x00)
12.539189000000000,pin4,'166' (0xA6)
12.543703000000001,pin4,'0' (0x00)
12.548216000000000,pin4,'0' (0x00)
12.552730000000000,pin4,'0' (0x00)
12.557243000000000,pin4,'0' (0x00)
12.561756000000001,pin4,'155' (0x9B)
12.590513000000000,pin5,'252' (0xFC)
12.595097000000001,pin5,B (0x42)
12.599681000000000,pin5,'1' (0x01)
12.604264000000001,pin5,0 (0x30)
12.608848000000000,pin5,'16' (0x10)
12.613431000000000,pin5,'3' (0x03)
12.618015000000000,pin5,'0' (0x00)
12.622598999999999,pin5,'0' (0x00)
12.627181999999999,pin5,'0' (0x00)
12.631766000000001,pin5,'0' (0x00)
12.636348999999999,pin5,'0' (0x00)
12.640933000000000,pin5,'0' (0x00)
12.645517000000000,pin5,'0' (0x00)
12.650100000000000,pin5,'0' (0x00)
12.654684000000000,pin5,'0' (0x00)
12.659268000000001,pin5,'0' (0x00)
12.663850999999999,pin5,'0' (0x00)
12.668435000000001,pin5,'0' (0x00)
12.673018000000001,pin5,'0' (0x00)
12.677602000000000,pin5,'0' (0x00)
12.682186000000000,pin5,'0' (0x00)
12.686769000000000,pin5,z (0x7A)
12.707723000000000,pin4,'252' (0xFC)
12.712237000000000,pin4,b (0x62)
12.716749999999999,pin4,'1' (0x01)
12.721264000000000,pin4,0 (0x30)
12.725777000000001,pin4,'16' (0x10)
12.730290000000000,pin4,'3' (0x03)
12.734804000000000,pin4,'0' (0x00)
12.739317000000000,pin4,'0' (0x00)
12.743831000000000,pin4,\t (0x09)
12.748343999999999,pin4,'0' (0x00)
12.752857000000001,pin4,'150' (0x96)
12.757370999999999,pin4,'166' (0xA6)
12.761884000000000,pin4,'0' (0x00)
12.766397000000000,pin4,'0' (0x00)
12.770911000000000,pin4,'0' (0x00)
12.775423999999999,pin4,'0' (0x00)
12.779938000000000,pin4,'0' (0x00)
12.784451000000001,pin4,'0' (0x00)
12.788964000000000,pin4,'0' (0x00)
12.793478000000000,pin4,'0' (0x00)
12.797991000000000,pin4,'0' (0x00)
12.802505000000000,pin4,'21' (0x15)
12.829485999999999,pin5,'252' (0xFC)
12.834070000000001,pin5,A (0x41)
12.838654000000000,pin5,'1' (0x01)
12.843237000000000,pin5,0 (0x30)
12.847821000000000,pin5,'16' (0x10)
12.852404000000000,pin5,'1' (0x01)
12.856987999999999,pin5,'11' (0x0B)
12.861572000000001,pin5,'0' (0x00)
12.866154999999999,pin5,'1' (0x01)
12.870739000000000,pin5,'7' (0x07)
12.875322000000001,pin5,'0' (0x00)
12.879906000000000,pin5,'5' (0x05)
12.884490000000000,pin5,'0' (0x00)
12.889073000000000,pin5,'0' (0x00)
12.893656999999999,pin5,'0' (0x00)
12.898241000000001,pin5,'0' (0x00)
12.902824000000001,pin5,'0' (0x00)
12.907408000000000,pin5,'0' (0x00)
12.911991000000000,pin5,'0' (0x00)
12.916575000000000,pin5,'128' (0x80)
12.921158999999999,pin5,'0' (0x00)
12.925742000000000,pin5,'229' (0xE5)
12.948420000000000,pin4,'252' (0xFC)
12.952934000000001,pin4,a (0x61)
12.957447000000000,pin4,'1' (0x01)
12.961959999999999,pin4,0 (0x30)
12.966474000000000,pin4,'16' (0x10)
12.970986999999999,pin4,'0' (0x00)
12.975501000000000,pin4,'0' (0x00)
12.980014000000001,pin4,'0' (0x00)
12.984527000000000,pin4,'0' (0x00)
12.989041000000000,pin4,'0' (0x00)
12.993554000000000,pin4,'0' (0x00)
12.998068000000000,pin4,'0' (0x00)
13.002580999999999,pin4,'0' (0x00)
13.007094000000000,pin4,'0' (0x00)
13.011608000000001,pin4,'0' (0x00)
13.016121000000000,pin4,'0' (0x00)
13.020633999999999,pin4,'0' (0x00)
13.025148000000000,pin4,'0' (0x00)
13.029661000000001,pin4,'0' (0x00)
13.034174999999999,pin4,'0' (0x00)
13.038688000000000,pin4,'0' (0x00)
13.043201000000000,pin4,^ (0x5E)
14.230510000000001,pin5,'252' (0xFC)
14.235093000000001,pin5,B (0x42)
14.239677000000000,pin5,'1' (0x01)
14.244260000000001,pin5,0 (0x30)
14.248844000000000,pin5,'16' (0x10)
14.253428000000000,pin5,'2' (0x02)
14.258011000000000,pin5,'0' (0x00)
14.262594999999999,pin5,'0' (0x00)
14.267179000000000,pin5,'0' (0x00)
14.271762000000001,pin5,'0' (0x00)
14.276346000000000,pin5,'0' (0x00)
14.280929000000000,pin5,'0' (0x00)
14.285513000000000,pin5,'0' (0x00)
14.290096999999999,pin5,'0' (0x00)
14.294680000000000,pin5,'0' (0x00)
14.299264000000001,pin5,'0' (0x00)
14.303846999999999,pin5,'0' (0x00)
14.308431000000001,pin5,'0' (0x00)
14.313015000000000,pin5,'0' (0x00)
14.317598000000000,pin5,'0' (0x00)
14.322182000000000,pin5,'0' (0x00)
14.326765999999999,pin5,{ (0x7B)
14.348492999999999,pin4,'252' (0xFC)
14.353007000000000,pin4,b (0x62)
14.357519999999999,pin4,'1' (0x01)
14.362034000000000,pin4,0 (0x30)
14.366547000000001,pin4,'16' (0x10)
14.371060000000000,pin4,'2' (0x02)
14.375574000000000,pin4,'0' (0x00)
14.380087000000000,pin4,'0' (0x00)
14.384601000000000,pin4,'1' (0x01)
14.389113999999999,pin4,'7' (0x07)
14.393627000000000,pin4,'12' (0x0C)
14.398141000000001,pin4,'5' (0x05)
14.402654000000000,pin4,'1' (0x01)
14.407166999999999,pin4,'0' (0x00)
14.411681000000000,pin4,'0' (0x00)
14.416194000000001,pin4,'0' (0x00)
14.420707999999999,pin4,'166' (0xA6)
14.425221000000001,pin4,'0' (0x00)
14.429734000000000,pin4,'0' (0x00)
14.434248000000000,pin4,'0' (0x00)
14.438761000000000,pin4,'0' (0x00)
14.443275000000000,pin4,'155' (0x9B)
14.468128000000000,pin5,'252' (0xFC)
14.472712000000000,pin5,B (0x42)
14.477296000000001,pin5,'1' (0x01)
14.481878999999999,pin5,0 (0x30)
14.486463000000001,pin5,'16' (0x10)
14.491046000000001,pin5,'3' (0x03)
14.495630000000000,pin5,'0' (0x00)
14.500214000000000,pin5,'0' (0x00)
14.504797000000000,pin5,'0' (0x00)
14.509380999999999,pin5,'0' (0x00)
14.513964000000000,pin5,'0' (0x00)
14.518547999999999,pin5,'0' (0x00)
14.523132000000000,pin5,'0' (0x00)
14.527715000000001,pin5,'0' (0x00)
14.532299000000000,pin5,'0' (0x00)
14.536883000000000,pin5,'0' (0x00)
14.541466000000000,pin5,'0' (0x00)
14.546049999999999,pin5,'0' (0x00)
14.550632999999999,pin5,'0' (0x00)
14.555217000000001,pin5,'0' (0x00)
14.559801000000000,pin5,'0' (0x00)
14.564384000000000,pin5,z (0x7A)
14.588447000000000,pin4,'252' (0xFC)
14.592960000000000,pin4,b (0x62)
14.597473000000001,pin4,'1' (0x01)
14.601986999999999,pin4,0 (0x30)
14.606500000000000,pin4,'16' (0x10)
14.611014000000001,pin4,'3' (0x03)
14.615527000000000,pin4,'0' (0x00)
14.620039999999999,pin4,'0' (0x00)
14.624554000000000,pin4,\t (0x09)
14.629066999999999,pin4,'0' (0x00)
14.633581000000000,pin4,'150' (0x96)
14.638094000000001,pin4,'166' (0xA6)
14.642607000000000,pin4,'0' (0x00)
14.647121000000000,pin4,'0' (0x00)
14.651634000000000,pin4,'0' (0x00)
14.656147000000001,pin4,'0' (0x00)
14.660660999999999,pin4,'0' (0x00)
14.665174000000000,pin4,'0' (0x00)
14.669688000000001,pin4,'0' (0x00)
14.674201000000000,pin4,'0' (0x00)
14.678713999999999,pin4,'0' (0x00)
14.683228000000000,pin4,'21' (0x15)
14.709913999999999,pin5,'252' (0xFC)
14.714498000000001,pin5,A (0x41)
14.719080999999999,pin5,'1' (0x01)
14.723665000000000,pin5,0 (0x30)
14.728248000000001,pin5,'16' (0x10)
14.732832000000000,pin5,'1' (0x01)
14.737416000000000,pin5,'11' (0x0B)
14.741999000000000,pin5,'0' (0x00)
14.746582999999999,pin5,'1' (0x01)
14.751167000000001,pin5,'7' (0x07)
14.755750000000001,pin5,'0' (0x00)
14.760334000000000,pin5,'5' (0x05)
14.764917000000001,pin5,'0' (0x00)
14.769501000000000,pin5,'0' (0x00)
14.774084999999999,pin5,'0' (0x00)
14.778668000000000,pin5,'0' (0x00)
14.783251999999999,pin5,'0' (0x00)
14.787834999999999,pin5,'0' (0x00)
14.792419000000001,pin5,'0' (0x00)
14.797003000000000,pin5,'128' (0x80)
14.801586000000000,pin5,'0' (0x00)
14.806170000000000,pin5,'229' (0xE5)
14.829041000000000,pin4,'252' (0xFC)
14.833553999999999,pin4,a (0x61)
14.838068000000000,pin4,'1' (0x01)
14.842580999999999,pin4,0 (0x30)
14.847094000000000,pin4,'16' (0x10)
14.851608000000001,pin4,'0' (0x00)
14.856121000000000,pin4,'0' (0x00)
14.860635000000000,pin4,'0' (0x00)
14.865148000000000,pin4,'0' (0x00)
14.869661000000001,pin4,'0' (0x00)
14.874174999999999,pin4,'0' (0x00)
14.878688000000000,pin4,'0' (0x00)
14.883202000000001,pin4,'0' (0x00)
14.887715000000000,pin4,'0' (0x00)
14.892227999999999,pin4,'0' (0x00)
14.896742000000000,pin4,'0' (0x00)
14.901255000000001,pin4,'0' (0x00)
14.905768999999999,pin4,'0' (0x00)
14.910282000000000,pin4,'0' (0x00)
14.914795000000000,pin4,'0' (0x00)
14.919309000000000,pin4,'0' (0x00)
14.923821999999999,pin4,^ (0x5E)
16.114035999999999,pin5,'252' (0xFC)
16.118620000000000,pin5,B (0x42)
16.123204000000001,pin5,'1' (0x01)
16.127787000000001,pin5,0 (0x30)
16.132370999999999,pin5,'16' (0x10)
16.136955000000000,pin5,'2' (0x02)
16.141538000000001,pin5,'0' (0x00)
16.146121999999998,pin5,'0' (0x00)
16.150704999999999,pin5,'0' (0x00)
16.155289000000000,pin5,'0' (0x00)
16.159873000000001,pin5,'0' (0x00)
16.164456000000001,pin5,'0' (0x00)
16.169039999999999,pin5,'0' (0x00)
16.173622999999999,pin5,'0' (0x00)
16.178207000000000,pin5,'0' (0x00)
16.182791000000002,pin5,'0' (0x00)
16.187373999999998,pin5,'0' (0x00)
16.191958000000000,pin5,'0' (0x00)
16.196541000000000,pin5,'0' (0x00)
16.201125000000001,pin5,'0' (0x00)
16.205708999999999,pin5,'0' (0x00)
16.210291999999999,pin5,{ (0x7B)
16.228677999999999,pin4,'252' (0xFC)
16.233191000000001,pin4,b (0x62)
16.237704999999998,pin4,'1' (0x01)
16.242218000000001,pin4,0 (0x30)
16.246732000000002,pin4,'16' (0x10)
16.251245000000001,pin4,'2' (0x02)
16.255758000000000,pin4,'0' (0x00)
16.260272000000001,pin4,'0' (0x00)
16.264785000000000,pin4,'1' (0x01)
16.269299000000000,pin4,'7' (0x07)
16.273812000000000,pin4,'12' (0x0C)
16.278324999999999,pin4,'5' (0x05)
16.282838999999999,pin4,'1' (0x01)
16.287351999999998,pin4,'0' (0x00)
16.291865000000001,pin4,'0' (0x00)
16.296379000000002,pin4,'0' (0x00)
16.300892000000001,pin4,'166' (0xA6)
16.305406000000001,pin4,'0' (0x00)
16.309919000000001,pin4,'0' (0x00)
16.314432000000000,pin4,'0' (0x00)
16.318946000000000,pin4,'0' (0x00)
16.323459000000000,pin4,'155' (0x9B)
16.351837000000000,pin5,'252' (0xFC)
16.356421000000001,pin5,B (0x42)
16.361004999999999,pin5,'1' (0x01)
16.365587999999999,pin5,0 (0x30)
16.370172000000000,pin5,'16' (0x10)
16.374756000000001,pin5,'3' (0x03)
16.379339000000002,pin5,'0' (0x00)
16.383922999999999,pin5,'0' (0x00)
16.388506000000000,pin5,'0' (0x00)
16.393090000000001,pin5,'0' (0x00)
16.397673999999999,pin5,'0' (0x00)
16.402256999999999,pin5,'0' (0x00)
16.406841000000000,pin5,'0' (0x00)
16.411424000000000,pin5,'0' (0x00)
16.416008000000001,pin5,'0' (0x00)
16.420591999999999,pin5,'0' (0x00)
16.425174999999999,pin5,'0' (0x00)
16.429759000000001,pin5,'0' (0x00)
16.434342999999998,pin5,'0' (0x00)
16.438925999999999,pin5,'0' (0x00)
16.443510000000000,pin5,'0' (0x00)
16.448093000000000,pin5,z (0x7A)
16.469374999999999,pin4,'252' (0xFC)
16.473887999999999,pin4,b (0x62)
16.478401999999999,pin4,'1' (0x01)
16.482914999999998,pin4,0 (0x30)
16.487428000000001,pin4,'16' (0x10)
16.491942000000002,pin4,'3' (0x03)
16.496455000000001,pin4,'0' (0x00)
16.500969000000001,pin4,'0' (0x00)
16.505482000000001,pin4,\t (0x09)
16.509995000000000,pin4,'0' (0x00)
16.514509000000000,pin4,'150' (0x96)
16.519022000000000,pin4,'166' (0xA6)
16.523536000000000,pin4,'0' (0x00)
16.528048999999999,pin4,'0' (0x00)
16.532561999999999,pin4,'0' (0x00)
16.537075999999999,pin4,'0' (0x00)
16.541588999999998,pin4,'0' (0x00)
16.546102999999999,pin4,'0' (0x00)
16.550616000000002,pin4,'0' (0x00)
16.555129000000001,pin4,'0' (0x00)
16.559643000000001,pin4,'0' (0x00)
16.564156000000001,pin4,'21' (0x15)
16.590783999999999,pin5,'252' (0xFC)
16.595368000000001,pin5,A (0x41)
16.599951999999998,pin5,'1' (0x01)
16.604534999999998,pin5,0 (0x30)
16.609119000000000,pin5,'16' (0x10)
16.613702000000000,pin5,'1' (0x01)
16.618286000000001,pin5,'11' (0x0B)
16.622869999999999,pin5,'0' (0x00)
16.627452999999999,pin5,'1' (0x01)
16.632037000000000,pin5,'7' (0x07)
16.636621000000002,pin5,'0' (0x00)
16.641203999999998,pin5,'5' (0x05)
16.645788000000000,pin5,'0' (0x00)
16.650371000000000,pin5,'0' (0x00)
16.654955000000001,pin5,'0' (0x00)
16.659538999999999,pin5,'0' (0x00)
16.664121999999999,pin5,'0' (0x00)
16.668706000000000,pin5,'0' (0x00)
16.673289000000000,pin5,'0' (0x00)
16.677873000000002,pin5,'128' (0x80)
16.682456999999999,pin5,'0' (0x00)
16.687040000000000,pin5,'229' (0xE5)
16.710097000000001,pin4,'252' (0xFC)
16.714611000000001,pin4,a (0x61)
16.719124000000001,pin4,'1' (0x01)
16.723638000000001,pin4,0 (0x30)
16.728151000000000,pin4,'16' (0x10)
16.732664000000000,pin4,'0' (0x00)
16.737178000000000,pin4,'0' (0x00)
16.741690999999999,pin4,'0' (0x00)
16.746205000000000,pin4,'0' (0x00)
16.750717999999999,pin4,'0' (0x00)
16.755230999999998,pin4,'0' (0x00)
16.759744999999999,pin4,'0' (0x00)
16.764258000000002,pin4,'0' (0x00)
16.768771000000001,pin4,'0' (0x00)
16.773285000000001,pin4,'0' (0x00)
16.777798000000001,pin4,'0' (0x00)
16.782312000000001,pin4,'0' (0x00)
16.786825000000000,pin4,'0' (0x00)
16.791338000000000,pin4,'0' (0x00)
16.795852000000000,pin4,'0' (0x00)
16.800364999999999,pin4,'0' (0x00)
16.804879000000000,pin4,^ (0x5E)
17.997433000000001,pin5,'252' (0xFC)
18.002016999999999,pin5,B (0x42)
18.006599999999999,pin5,'1' (0x01)
18.011184000000000,pin5,0 (0x30)
18.015767000000000,pin5,'16' (0x10)
18.020351000000002,pin5,'2' (0x02)
18.024934999999999,pin5,'0' (0x00)
18.029517999999999,pin5,'0' (0x00)
18.034102000000001,pin5,'0' (0x00)
18.038685999999998,pin5,'0' (0x00)
18.043268999999999,pin5,'0' (0x00)
18.047853000000000,pin5,'0' (0x00)
18.052436000000000,pin5,'0' (0x00)
18.057020000000001,pin5,'0' (0x00)
18.061603999999999,pin5,'0' (0x00)
18.066186999999999,pin5,'0' (0x00)
18.070771000000001,pin5,'0' (0x00)
18.075354000000001,pin5,'0' (0x00)
18.079937999999999,pin5,'0' (0x00)
18.084522000000000,pin5,'0' (0x00)
18.089105000000000,pin5,'0' (0x00)
18.093689000000001,pin5,{ (0x7B)
18.109452000000001,pin4,'252' (0xFC)
18.113966000000001,pin4,b (0x62)
18.118479000000001,pin4,'1' (0x01)
18.122992000000000,pin4,0 (0x30)
18.127506000000000,pin4,'16' (0x10)
18.132019000000000,pin4,'2' (0x02)
18.136533000000000,pin4,'0' (0x00)
18.141045999999999,pin4,'0' (0x00)
18.145558999999999,pin4,'1' (0x01)
18.150072999999999,pin4,'7' (0x07)
18.154585999999998,pin4,'12' (0x0C)
18.159099999999999,pin4,'5' (0x05)
18.163613000000002,pin4,'1' (0x01)
18.168126000000001,pin4,'0' (0x00)
18.172640000000001,pin4,'0' (0x00)
18.177153000000001,pin4,'0' (0x00)
18.181666000000000,pin4,'166' (0xA6)
18.186180000000000,pin4,'0' (0x00)
18.190693000000000,pin4,'0' (0x00)
18.195207000000000,pin4,'0' (0x00)
18.199719999999999,pin4,'0' (0x00)
18.204232999999999,pin4,'155' (0x9B)
18.229634999999998,pin5,'252' (0xFC)
18.234217999999998,pin5,B (0x42)
18.238802000000000,pin5,'1' (0x01)
18.243386000000001,pin5,0 (0x30)
18.247969000000001,pin5,'16' (0x10)
18.252552999999999,pin5,'3' (0x03)
18.257135999999999,pin5,'0' (0x00)
18.261720000000000,pin5,'0' (0x00)
18.266304000000002,pin5,'0' (0x00)
18.270886999999998,pin5,'0' (0x00)
18.275471000000000,pin5,'0' (0x00)
18.280055000000001,pin5,'0' (0x00)
18.284638000000001,pin5,'0' (0x00)
18.289221999999999,pin5,'0' (0x00)
18.293804999999999,pin5,'0' (0x00)
18.298389000000000,pin5,'0' (0x00)
18.302973000000001,pin5,'0' (0x00)
18.307556000000002,pin5,'0' (0x00)
18.312139999999999,pin5,'0' (0x00)
18.316723000000000,pin5,'0' (0x00)
18.321307000000001,pin5,'0' (0x00)
18.325890999999999,pin5,z (0x7A)
18.350790000000000,pin4,'252' (0xFC)
18.355304000000000,pin4,b (0x62)
18.359817000000000,pin4,'1' (0x01)
18.364329999999999,pin4,0 (0x30)
18.368843999999999,pin4,'16' (0x10)
18.373356999999999,pin4,'3' (0x03)
18.377870999999999,pin4,'0' (0x00)
18.382383999999998,pin4,'0' (0x00)
18.386897000000001,pin4,\t (0x09)
18.391411000000002,pin4,'0' (0x00)
18.395924000000001,pin4,'150' (0x96)
18.400437000000000,pin4,'166' (0xA6)
18.404951000000001,pin4,'0' (0x00)
18.409464000000000,pin4,'0' (0x00)
18.413978000000000,pin4,'0' (0x00)
18.418491000000000,pin4,'0' (0x00)
18.423003999999999,pin4,'0' (0x00)
18.427517999999999,pin4,'0' (0x00)
18.432030999999998,pin4,'0' (0x00)
18.436544999999999,pin4,'0' (0x00)
18.441058000000002,pin4,'0' (0x00)
18.445571000000001,pin4,'21' (0x15)
18.471394000000000,pin5,'252' (0xFC)
18.475978000000001,pin5,A (0x41)
18.480561999999999,pin5,'1' (0x01)
18.485144999999999,pin5,0 (0x30)
18.489729000000001,pin5,'16' (0x10)
18.494312000000001,pin5,'1' (0x01)
18.498895999999998,pin5,'11' (0x0B)
18.503480000000000,pin5,'0' (0x00)
18.508063000000000,pin5,'1' (0x01)
18.512647000000001,pin5,'7' (0x07)
18.517230000000001,pin5,'0' (0x00)
18.521813999999999,pin5,'5' (0x05)
18.526398000000000,pin5,'0' (0x00)
18.530981000000001,pin5,'0' (0x00)
18.535564999999998,pin5,'0' (0x00)
18.540149000000000,pin5,'0' (0x00)
18.544732000000000,pin5,'0' (0x00)
18.549316000000001,pin5,'0' (0x00)
18.553899000000001,pin5,'0' (0x00)
18.558482999999999,pin5,'128' (0x80)
18.563067000000000,pin5,'0' (0x00)
18.567650000000000,pin5,'229' (0xE5)
18.590872000000001,pin4,'252' (0xFC)
18.595385000000000,pin4,a (0x61)
18.599898000000000,pin4,'1' (0x01)
18.604412000000000,pin4,0 (0x30)
18.608924999999999,pin4,'16' (0x10)
18.613437999999999,pin4,'0' (0x00)
18.617951999999999,pin4,'0' (0x00)
18.622464999999998,pin4,'0' (0x00)
18.626978999999999,pin4,'0' (0x00)
18.631492000000001,pin4,'0' (0x00)
18.636005000000001,pin4,'0' (0x00)
18.640519000000001,pin4,'0' (0x00)
18.645032000000000,pin4,'0' (0x00)
18.649546000000001,pin4,'0' (0x00)
18.654059000000000,pin4,'0' (0x00)
18.658571999999999,pin4,'0' (0x00)
18.663086000000000,pin4,'0' (0x00)
18.667598999999999,pin4,'0' (0x00)
18.672111999999998,pin4,'0' (0x00)
18.676625999999999,pin4,'0' (0x00)
18.681139000000002,pin4,'0' (0x00)
18.685652999999999,pin4,^ (0x5E)
19.875387000000000,pin5,'252' (0xFC)
19.879970000000000,pin5,B (0x42)
19.884554000000001,pin5,'1' (0x01)
19.889137000000002,pin5,0 (0x30)
19.893720999999999,pin5,'16' (0x10)
19.898305000000001,pin5,'2' (0x02)
19.902888000000001,pin5,'0' (0x00)
19.907471999999999,pin5,'0' (0x00)
19.912054999999999,pin5,'0' (0x00)
19.916639000000000,pin5,'0' (0x00)
19.921223000000001,pin5,'0' (0x00)
19.925806000000001,pin5,'0' (0x00)
19.930389999999999,pin5,'0' (0x00)
19.934974000000000,pin5,'0' (0x00)
19.939557000000001,pin5,'0' (0x00)
19.944140999999998,pin5,'0' (0x00)
19.948723999999999,pin5,'0' (0x00)
19.953308000000000,pin5,'0' (0x00)
19.957892000000001,pin5,'0' (0x00)
19.962475000000001,pin5,'0' (0x00)
19.967058999999999,pin5,'0' (0x00)
19.971641999999999,pin5,{ (0x7B)
19.990584999999999,pin4,'252' (0xFC)
19.995099000000000,pin4,b (0x62)
19.999611999999999,pin4,'1' (0x01)
20.004124999999998,pin4,0 (0x30)
20.008638999999999,pin4,'16' (0x10)
20.013152000000002,pin4,'2' (0x02)
20.017665000000001,pin4,'0' (0x00)
20.022179000000001,pin4,'0' (0x00)
20.026692000000001,pin4,'1' (0x01)
20.031206000000001,pin4,'7' (0x07)
20.035719000000000,pin4,'12' (0x0C)
20.040232000000000,pin4,'5' (0x05)
20.044746000000000,pin4,'1' (0x01)
20.049258999999999,pin4,'0' (0x00)
20.053773000000000,pin4,'0' (0x00)
20.058285999999999,pin4,'0' (0x00)
20.062798999999998,pin4,'166' (0xA6)
20.067312999999999,pin4,'0' (0x00)
20.071826000000001,pin4,'0' (0x00)
20.076339999999998,pin4,'0' (0x00)
20.080853000000001,pin4,'0' (0x00)
20.085366000000000,pin4,'155' (0x9B)
20.113161999999999,pin5,'252' (0xFC)
20.117744999999999,pin5,B (0x42)
20.122329000000001,pin5,'1' (0x01)
20.126912000000001,pin5,0 (0x30)
20.131495999999999,pin5,'16' (0x10)
20.136080000000000,pin5,'3' (0x03)
20.140663000000000,pin5,'0' (0x00)
20.145247000000001,pin5,'0' (0x00)
20.149830000000001,pin5,'0' (0x00)
20.154413999999999,pin5,'0' (0x00)
20.158998000000000,pin5,'0' (0x00)
20.163581000000001,pin5,'0' (0x00)
20.168164999999998,pin5,'0' (0x00)
20.172749000000000,pin5,'0' (0x00)
20.177332000000000,pin5,'0' (0x00)
20.181916000000001,pin5,'0' (0x00)
20.186499000000001,pin5,'0' (0x00)
20.191082999999999,pin5,'0' (0x00)
20.195667000000000,pin5,'0' (0x00)
20.200250000000000,pin5,'0' (0x00)
20.204834000000002,pin5,'0' (0x00)
20.209416999999998,pin5,z (0x7A)
20.231102000000000,pin4,'252' (0xFC)
20.235616000000000,pin4,b (0x62)
20.240129000000000,pin4,'1' (0x01)
20.244643000000000,pin4,0 (0x30)
20.249155999999999,pin4,'16' (0x10)
20.253668999999999,pin4,'3' (0x03)
20.258182999999999,pin4,'0' (0x00)
20.262695999999998,pin4,'0' (0x00)
20.267209999999999,pin4,'8' (0x08)
20.271723000000001,pin4,'0' (0x00)
20.276236000000001,pin4,'150' (0x96)
20.280750000000001,pin4,'165' (0xA5)
20.285263000000000,pin4,'0' (0x00)
20.289776000000000,pin4,'0' (0x00)
20.294290000000000,pin4,'0' (0x00)
20.298802999999999,pin4,'0' (0x00)
20.303317000000000,pin4,'0' (0x00)
20.307829999999999,pin4,'0' (0x00)
20.312342999999998,pin4,'0' (0x00)
20.316856999999999,pin4,'0' (0x00)
20.321370000000002,pin4,'0' (0x00)
20.325883999999999,pin4,'23' (0x17)
20.354790999999999,pin5,'252' (0xFC)
20.359375000000000,pin5,A (0x41)
20.363958000000000,pin5,'1' (0x01)
20.368542000000001,pin5,0 (0x30)
20.373125000000002,pin5,'16' (0x10)
20.377708999999999,pin5,'1' (0x01)
20.382293000000001,pin5,'11' (0x0B)
20.386876000000001,pin5,'0' (0x00)
20.391459999999999,pin5,'1' (0x01)
20.396042999999999,pin5,'7' (0x07)
20.400627000000000,pin5,'0' (0x00)
20.405211000000001,pin5,'5' (0x05)
20.409794000000002,pin5,'0' (0x00)
20.414377999999999,pin5,'0' (0x00)
20.418962000000001,pin5,'0' (0x00)
20.423545000000001,pin5,'0' (0x00)
20.428128999999998,pin5,'0' (0x00)
20.432711999999999,pin5,'0' (0x00)
20.437296000000000,pin5,'0' (0x00)
20.441880000000001,pin5,'128' (0x80)
20.446463000000001,pin5,'0' (0x00)
20.451046999999999,pin5,'229' (0xE5)
20.471799000000001,pin4,'252' (0xFC)
20.476313000000001,pin4,a (0x61)
20.480826000000000,pin4,'1' (0x01)
20.485339000000000,pin4,0 (0x30)
20.489853000000000,pin4,'16' (0x10)
20.494365999999999,pin4,'0' (0x00)
20.498880000000000,pin4,'0' (0x00)
20.503392999999999,pin4,'0' (0x00)
20.507905999999998,pin4,'0' (0x00)
20.512419999999999,pin4,'0' (0x00)
20.516933000000002,pin4,'0' (0x00)
20.521446000000001,pin4,'0' (0x00)
20.525960000000001,pin4,'0' (0x00)
20.530473000000001,pin4,'0' (0x00)
20.534987000000001,pin4,'0' (0x00)
20.539500000000000,pin4,'0' (0x00)
20.544013000000000,pin4,'0' (0x00)
20.548527000000000,pin4,'0' (0x00)
20.553039999999999,pin4,'0' (0x00)
20.557554000000000,pin4,'0' (0x00)
20.562066999999999,pin4,'0' (0x00)
20.566579999999998,pin4,^ (0x5E)
21.758835000000001,pin5,'252' (0xFC)
21.763418999999999,pin5,B (0x42)
21.768001999999999,pin5,'1' (0x01)
21.772586000000000,pin5,0 (0x30)
21.777170000000002,pin5,'16' (0x10)
21.781752999999998,pin5,'2' (0x02)
21.786337000000000,pin5,'0' (0x00)
21.790921000000001,pin5,'0' (0x00)
21.795504000000001,pin5,'0' (0x00)
21.800087999999999,pin5,'0' (0x00)
21.804670999999999,pin5,'0' (0x00)
21.809255000000000,pin5,'0' (0x00)
21.813839000000002,pin5,'0' (0x00)
21.818422000000002,pin5,'0' (0x00)
21.823005999999999,pin5,'0' (0x00)
21.827589000000000,pin5,'0' (0x00)
21.832173000000001,pin5,'0' (0x00)
21.836756999999999,pin5,'0' (0x00)
21.841339999999999,pin5,'0' (0x00)
21.845924000000000,pin5,'0' (0x00)
21.850508000000001,pin5,'0' (0x00)
21.855091000000002,pin5,{ (0x7B)
21.871897000000001,pin4,'252' (0xFC)
21.876411000000001,pin4,b (0x62)
21.880924000000000,pin4,'1' (0x01)
21.885438000000001,pin4,0 (0x30)
21.889951000000000,pin4,'16' (0x10)
21.894463999999999,pin4,'2' (0x02)
21.898978000000000,pin4,'0' (0x00)
21.903490999999999,pin4,'0' (0x00)
21.908003999999998,pin4,'1' (0x01)
21.912517999999999,pin4,'7' (0x07)
21.917031000000001,pin4,'12' (0x0C)
21.921544999999998,pin4,'5' (0x05)
21.926058000000001,pin4,'1' (0x01)
21.930571000000000,pin4,'0' (0x00)
21.935085000000001,pin4,'0' (0x00)
21.939598000000000,pin4,'0' (0x00)
21.944112000000001,pin4,'166' (0xA6)
21.948625000000000,pin4,'0' (0x00)
21.953137999999999,pin4,'0' (0x00)
21.957652000000000,pin4,'0' (0x00)
21.962164999999999,pin4,'0' (0x00)
21.966678000000002,pin4,'155' (0x9B)
21.996454000000000,pin5,'252' (0xFC)
22.001038000000001,pin5,B (0x42)
22.005621000000001,pin5,'1' (0x01)
22.010204999999999,pin5,0 (0x30)
22.014787999999999,pin5,'16' (0x10)
22.019372000000001,pin5,'3' (0x03)
22.023955999999998,pin5,'0' (0x00)
22.028538999999999,pin5,'0' (0x00)
22.033123000000000,pin5,'0' (0x00)
22.037707000000001,pin5,'0' (0x00)
22.042290000000001,pin5,'0' (0x00)
22.046873999999999,pin5,'0' (0x00)
22.051456999999999,pin5,'0' (0x00)
22.056041000000000,pin5,'0' (0x00)
22.060625000000002,pin5,'0' (0x00)
22.065207999999998,pin5,'0' (0x00)
22.069792000000000,pin5,'0' (0x00)
22.074375000000000,pin5,'0' (0x00)
22.078959000000001,pin5,'0' (0x00)
22.083542999999999,pin5,'0' (0x00)
22.088125999999999,pin5,'0' (0x00)
22.092710000000000,pin5,z (0x7A)
22.111850000000000,pin4,'252' (0xFC)
22.116364000000001,pin4,b (0x62)
22.120877000000000,pin4,'1' (0x01)
22.125391000000000,pin4,0 (0x30)
22.129904000000000,pin4,'16' (0x10)
22.134416999999999,pin4,'3' (0x03)
22.138930999999999,pin4,'0' (0x00)
22.143443999999999,pin4,'0' (0x00)
22.147957999999999,pin4,'8' (0x08)
22.152470999999998,pin4,'0' (0x00)
22.156984000000001,pin4,'150' (0x96)
22.161498000000002,pin4,'165' (0xA5)
22.166011000000001,pin4,'0' (0x00)
22.170524000000000,pin4,'0' (0x00)
22.175038000000001,pin4,'0' (0x00)
22.179551000000000,pin4,'0' (0x00)
22.184065000000000,pin4,'0' (0x00)
22.188578000000000,pin4,'0' (0x00)
22.193090999999999,pin4,'0' (0x00)
22.197604999999999,pin4,'0' (0x00)
22.202117999999999,pin4,'0' (0x00)
22.206631999999999,pin4,'23' (0x17)
22.232771000000000,pin5,'252' (0xFC)
22.237354000000000,pin5,A (0x41)
22.241938000000001,pin5,'1' (0x01)
22.246521000000001,pin5,0 (0x30)
22.251104999999999,pin5,'16' (0x10)
22.255689000000000,pin5,'1' (0x01)
22.260272000000001,pin5,'11' (0x0B)
22.264856000000002,pin5,'0' (0x00)
22.269438999999998,pin5,'1' (0x01)
22.274023000000000,pin5,'7' (0x07)
22.278607000000001,pin5,'0' (0x00)
22.283190000000001,pin5,'5' (0x05)
22.287773999999999,pin5,'0' (0x00)
22.292358000000000,pin5,'0' (0x00)
22.296941000000000,pin5,'0' (0x00)
22.301525000000002,pin5,'0' (0x00)
22.306107999999998,pin5,'0' (0x00)
22.310692000000000,pin5,'0' (0x00)
22.315276000000001,pin5,'0' (0x00)
22.319859000000001,pin5,'128' (0x80)
22.324442999999999,pin5,'0' (0x00)
22.329025999999999,pin5,'229' (0xE5)
22.352470000000000,pin4,'252' (0xFC)
22.356984000000001,pin4,a (0x61)
22.361497000000000,pin4,'1' (0x01)
22.366009999999999,pin4,0 (0x30)
22.370524000000000,pin4,'16' (0x10)
22.375036999999999,pin4,'0' (0x00)
22.379550999999999,pin4,'0' (0x00)
22.384063999999999,pin4,'0' (0x00)
22.388577000000002,pin4,'0' (0x00)
22.393090999999998,pin4,'0' (0x00)
22.397604000000001,pin4,'0' (0x00)
22.402118000000002,pin4,'0' (0x00)
22.406631000000001,pin4,'0' (0x00)
22.411144000000000,pin4,'0' (0x00)
22.415658000000001,pin4,'0' (0x00)
22.420171000000000,pin4,'0' (0x00)
22.424683999999999,pin4,'0' (0x00)
22.429198000000000,pin4,'0' (0x00)
22.433710999999999,pin4,'0' (0x00)
22.438224999999999,pin4,'0' (0x00)
22.442737999999999,pin4,'0' (0x00)
22.447251000000001,pin4,^ (0x5E)
23.639496999999999,pin5,'252' (0xFC)
23.644081000000000,pin5,B (0x42)
23.648665000000001,pin5,'1' (0x01)
23.653248000000001,pin5,0 (0x30)
23.657831999999999,pin5,'16' (0x10)
23.662414999999999,pin5,'2' (0x02)
23.666999000000001,pin5,'0' (0x00)
23.671582999999998,pin5,'0' (0x00)
23.676165999999998,pin5,'0' (0x00)
23.680750000000000,pin5,'0' (0x00)
23.685333000000000,pin5,'0' (0x00)
23.689917000000001,pin5,'0' (0x00)
23.694500999999999,pin5,'0' (0x00)
23.699083999999999,pin5,'0' (0x00)
23.703668000000000,pin5,'0' (0x00)
23.708252000000002,pin5,'0' (0x00)
23.712834999999998,pin5,'0' (0x00)
23.717419000000000,pin5,'0' (0x00)
23.722002000000000,pin5,'0' (0x00)
23.726586000000001,pin5,'0' (0x00)
23.731169999999999,pin5,'0' (0x00)
23.735752999999999,pin5,{ (0x7B)
23.751926999999998,pin4,'252' (0xFC)
23.756440999999999,pin4,b (0x62)
23.760954000000002,pin4,'1' (0x01)
23.765467999999998,pin4,0 (0x30)
23.769981000000001,pin4,'16' (0x10)
23.774494000000001,pin4,'2' (0x02)
23.779008000000001,pin4,'0' (0x00)
23.783521000000000,pin4,'0' (0x00)
23.788034000000000,pin4,'1' (0x01)
23.792548000000000,pin4,'7' (0x07)
23.797060999999999,pin4,'12' (0x0C)
23.801575000000000,pin4,'5' (0x05)
23.806087999999999,pin4,'1' (0x01)
23.810600999999998,pin4,'0' (0x00)
23.815114999999999,pin4,'0' (0x00)
23.819628000000002,pin4,'0' (0x00)
23.824141999999998,pin4,'166' (0xA6)
23.828655000000001,pin4,'0' (0x00)
23.833168000000001,pin4,'0' (0x00)
23.837682000000001,pin4,'0' (0x00)
23.842195000000000,pin4,'0' (0x00)
23.846709000000001,pin4,'155' (0x9B)
23.871699000000000,pin5,'252' (0xFC)
23.876283000000001,pin5,B (0x42)
23.880866000000001,pin5,'1' (0x01)
23.885449999999999,pin5,0 (0x30)
23.890032999999999,pin5,'16' (0x10)
23.894617000000000,pin5,'3' (0x03)
23.899201000000001,pin5,'0' (0x00)
23.903784000000002,pin5,'0' (0x00)
23.908367999999999,pin5,'0' (0x00)
23.912952000000001,pin5,'0' (0x00)
23.917535000000001,pin5,'0' (0x00)
23.922118999999999,pin5,'0' (0x00)
23.926701999999999,pin5,'0' (0x00)
23.931286000000000,pin5,'0' (0x00)
23.935870000000001,pin5,'0' (0x00)
23.940453000000002,pin5,'0' (0x00)
23.945036999999999,pin5,'0' (0x00)
23.949619999999999,pin5,'0' (0x00)
23.954204000000001,pin5,'0' (0x00)
23.958787999999998,pin5,'0' (0x00)
23.963370999999999,pin5,'0' (0x00)
23.967955000000000,pin5,z (0x7A)
23.992726999999999,pin4,'252' (0xFC)
23.997240000000001,pin4,b (0x62)
24.001753999999998,pin4,'1' (0x01)
24.006267000000001,pin4,0 (0x30)
24.010780000000000,pin4,'16' (0x10)
24.015294000000001,pin4,'3' (0x03)
24.019807000000000,pin4,'0' (0x00)
24.024319999999999,pin4,'0' (0x00)
24.028834000000000,pin4,'8' (0x08)
24.033346999999999,pin4,'0' (0x00)
24.037860999999999,pin4,'150' (0x96)
24.042373999999999,pin4,'165' (0xA5)
24.046887000000002,pin4,'0' (0x00)
24.051400999999998,pin4,'0' (0x00)
24.055914000000001,pin4,'0' (0x00)
24.060428000000002,pin4,'0' (0x00)
24.064941000000001,pin4,'0' (0x00)
24.069454000000000,pin4,'0' (0x00)
24.073968000000001,pin4,'0' (0x00)
24.078481000000000,pin4,'0' (0x00)
24.082993999999999,pin4,'0' (0x00)
24.087508000000000,pin4,'23' (0x17)
24.113458999999999,pin5,'252' (0xFC)
24.118041999999999,pin5,A (0x41)
24.122626000000000,pin5,'1' (0x01)
24.127209000000001,pin5,0 (0x30)
24.131792999999998,pin5,'16' (0x10)
24.136377000000000,pin5,'1' (0x01)
24.140960000000000,pin5,'11' (0x0B)
24.145544000000001,pin5,'0' (0x00)
24.150127999999999,pin5,'1' (0x01)
24.154710999999999,pin5,'7' (0x07)
24.159295000000000,pin5,'0' (0x00)
24.163878000000000,pin5,'5' (0x05)
24.168462000000002,pin5,'0' (0x00)
24.173045999999999,pin5,'0' (0x00)
24.177629000000000,pin5,'0' (0x00)
24.182213000000001,pin5,'0' (0x00)
24.186796000000001,pin5,'0' (0x00)
24.191379999999999,pin5,'0' (0x00)
24.195964000000000,pin5,'0' (0x00)
24.200547000000000,pin5,'128' (0x80)
24.205131000000002,pin5,'0' (0x00)
24.209714999999999,pin5,'229' (0xE5)
24.233449000000000,pin4,'252' (0xFC)
24.237963000000001,pin4,a (0x61)
24.242476000000000,pin4,'1' (0x01)
24.246988999999999,pin4,0 (0x30)
24.251503000000000,pin4,'16' (0x10)
24.256015999999999,pin4,'0' (0x00)
24.260529999999999,pin4,'0' (0x00)
24.265042999999999,pin4,'0' (0x00)
24.269556000000001,pin4,'0' (0x00)
24.274069999999998,pin4,'0' (0x00)
24.278583000000001,pin4,'0' (0x00)
24.283096000000000,pin4,'0' (0x00)
24.287610000000001,pin4,'0' (0x00)
24.292123000000000,pin4,'0' (0x00)
24.296637000000000,pin4,'0' (0x00)
24.301150000000000,pin4,'0' (0x00)
24.305662999999999,pin4,'0' (0x00)
24.310176999999999,pin4,'0' (0x00)
24.314689999999999,pin4,'0' (0x00)
24.319203999999999,pin4,'0' (0x00)
24.323716999999998,pin4,'0' (0x00)
24.328230000000001,pin4,^ (0x5E)
25.520159000000000,pin5,'252' (0xFC)
25.524743000000001,pin5,B (0x42)
25.529326999999999,pin5,'1' (0x01)
25.533909999999999,pin5,0 (0x30)
25.538494000000000,pin5,'16' (0x10)
25.543077000000000,pin5,'2' (0x02)
25.547661000000002,pin5,'0' (0x00)
25.552244999999999,pin5,'0' (0x00)
25.556827999999999,pin5,'0' (0x00)
25.561412000000001,pin5,'0' (0x00)
25.565995000000001,pin5,'0' (0x00)
25.570578999999999,pin5,'0' (0x00)
25.575163000000000,pin5,'0' (0x00)
25.579746000000000,pin5,'0' (0x00)
25.584330000000001,pin5,'0' (0x00)
25.588913999999999,pin5,'0' (0x00)
25.593496999999999,pin5,'0' (0x00)
25.598081000000001,pin5,'0' (0x00)
25.602664000000001,pin5,'0' (0x00)
25.607247999999998,pin5,'0' (0x00)
25.611832000000000,pin5,'0' (0x00)
25.616415000000000,pin5,{ (0x7B)
25.632881000000001,pin4,'252' (0xFC)
25.637394000000000,pin4,b (0x62)
25.641908000000001,pin4,'1' (0x01)
25.646421000000000,pin4,0 (0x30)
25.650933999999999,pin4,'16' (0x10)
25.655448000000000,pin4,'2' (0x02)
25.659960999999999,pin4,'0' (0x00)
25.664474999999999,pin4,'0' (0x00)
25.668987999999999,pin4,'1' (0x01)
25.673501000000002,pin4,'7' (0x07)
25.678014999999998,pin4,'12' (0x0C)
25.682528000000001,pin4,'5' (0x05)
25.687041000000001,pin4,'1' (0x01)
25.691555000000001,pin4,'0' (0x00)
25.696068000000000,pin4,'0' (0x00)
25.700582000000001,pin4,'0' (0x00)
25.705095000000000,pin4,'166' (0xA6)
25.709607999999999,pin4,'0' (0x00)
25.714122000000000,pin4,'0' (0x00)
25.718634999999999,pin4,'0' (0x00)
25.723148999999999,pin4,'0' (0x00)
25.727661999999999,pin4,'155' (0x9B)
25.757777999999998,pin5,'252' (0xFC)
25.762362000000000,pin5,B (0x42)
25.766945000000000,pin5,'1' (0x01)
25.771529000000001,pin5,0 (0x30)
25.776112999999999,pin5,'16' (0x10)
25.780695999999999,pin5,'3' (0x03)
25.785280000000000,pin5,'0' (0x00)
25.789863000000000,pin5,'0' (0x00)
25.794447000000002,pin5,'0' (0x00)
25.799030999999999,pin5,'0' (0x00)
25.803614000000000,pin5,'0' (0x00)
25.808198000000001,pin5,'0' (0x00)
25.812781000000001,pin5,'0' (0x00)
25.817364999999999,pin5,'0' (0x00)
25.821949000000000,pin5,'0' (0x00)
25.826532000000000,pin5,'0' (0x00)
25.831116000000002,pin5,'0' (0x00)
25.835699999999999,pin5,'0' (0x00)
25.840282999999999,pin5,'0' (0x00)
25.844867000000001,pin5,'0' (0x00)
25.849450000000001,pin5,'0' (0x00)
25.854033999999999,pin5,z (0x7A)
25.874193000000002,pin4,'252' (0xFC)
25.878706999999999,pin4,b (0x62)
25.883220000000001,pin4,'1' (0x01)
25.887733000000001,pin4,0 (0x30)
25.892247000000001,pin4,'16' (0x10)
25.896760000000000,pin4,'3' (0x03)
25.901273000000000,pin4,'0' (0x00)
25.905787000000000,pin4,'0' (0x00)
25.910299999999999,pin4,'8' (0x08)
25.914814000000000,pin4,'0' (0x00)
25.919326999999999,pin4,'150' (0x96)
25.923839999999998,pin4,'165' (0xA5)
25.928353999999999,pin4,'0' (0x00)
25.932867000000002,pin4,'0' (0x00)
25.937380999999998,pin4,'0' (0x00)
25.941894000000001,pin4,'0' (0x00)
25.946407000000001,pin4,'0' (0x00)
25.950921000000001,pin4,'0' (0x00)
25.955434000000000,pin4,'0' (0x00)
25.959948000000001,pin4,'0' (0x00)
25.964461000000000,pin4,'0' (0x00)
25.968973999999999,pin4,'23' (0x17)
25.994069000000000,pin5,'252' (0xFC)
25.998652000000000,pin5,A (0x41)
26.003236000000001,pin5,'1' (0x01)
26.007819000000001,pin5,0 (0x30)
26.012402999999999,pin5,'16' (0x10)
26.016987000000000,pin5,'1' (0x01)
26.021570000000001,pin5,'11' (0x0B)
26.026153999999998,pin5,'0' (0x00)
26.030736999999998,pin5,'1' (0x01)
26.035321000000000,pin5,'7' (0x07)
26.039905000000001,pin5,'0' (0x00)
26.044488000000001,pin5,'5' (0x05)
26.049071999999999,pin5,'0' (0x00)
26.053656000000000,pin5,'0' (0x00)
26.058239000000000,pin5,'0' (0x00)
26.062823000000002,pin5,'0' (0x00)
26.067405999999998,pin5,'0' (0x00)
26.071990000000000,pin5,'0' (0x00)
26.076574000000001,pin5,'0' (0x00)
26.081157000000001,pin5,'128' (0x80)
26.085740999999999,pin5,'0' (0x00)
26.090323999999999,pin5,'229' (0xE5)
26.114300000000000,pin4,'252' (0xFC)
26.118814000000000,pin4,a (0x61)
26.123327000000000,pin4,'1' (0x01)
26.127839999999999,pin4,0 (0x30)
26.132353999999999,pin4,'16' (0x10)
26.136866999999999,pin4,'0' (0x00)
26.141380999999999,pin4,'0' (0x00)
26.145893999999998,pin4,'0' (0x00)
26.150407000000001,pin4,'0' (0x00)
26.154921000000002,pin4,'0' (0x00)
26.159434000000001,pin4,'0' (0x00)
26.163947000000000,pin4,'0' (0x00)
26.168461000000001,pin4,'0' (0x00)
26.172974000000000,pin4,'0' (0x00)
26.177488000000000,pin4,'0' (0x00)
26.182001000000000,pin4,'0' (0x00)
26.186513999999999,pin4,'0' (0x00)
26.191027999999999,pin4,'0' (0x00)
26.195540999999999,pin4,'0' (0x00)
26.200054999999999,pin4,'0' (0x00)
26.204567999999998,pin4,'0' (0x00)
26.209081000000001,pin4,^ (0x5E)
27.398035000000000,pin5,'252' (0xFC)
27.402618000000000,pin5,B (0x42)
27.407202000000002,pin5,'1' (0x01)
27.411785999999999,pin5,0 (0x30)
27.416369000000000,pin5,'16' (0x10)
27.420953000000001,pin5,'2' (0x02)
27.425536000000001,pin5,'0' (0x00)
27.430119999999999,pin5,'0' (0x00)
27.434704000000000,pin5,'0' (0x00)
27.439287000000000,pin5,'0' (0x00)
27.443871000000001,pin5,'0' (0x00)
27.448454999999999,pin5,'0' (0x00)
27.453037999999999,pin5,'0' (0x00)
27.457622000000001,pin5,'0' (0x00)
27.462205000000001,pin5,'0' (0x00)
27.466788999999999,pin5,'0' (0x00)
27.471373000000000,pin5,'0' (0x00)
27.475956000000000,pin5,'0' (0x00)
27.480540000000001,pin5,'0' (0x00)
27.485123000000002,pin5,'0' (0x00)
27.489706999999999,pin5,'0' (0x00)
27.494291000000000,pin5,{ (0x7B)
27.513988999999999,pin4,'252' (0xFC)
27.518502000000002,pin4,b (0x62)
27.523015000000001,pin4,'1' (0x01)
27.527529000000001,pin4,0 (0x30)
27.532042000000001,pin4,'16' (0x10)
27.536556000000001,pin4,'2' (0x02)
27.541069000000000,pin4,'0' (0x00)
27.545582000000000,pin4,'0' (0x00)
27.550096000000000,pin4,'1' (0x01)
27.554608999999999,pin4,'7' (0x07)
27.559123000000000,pin4,'12' (0x0C)
27.563635999999999,pin4,'5' (0x05)
27.568148999999998,pin4,'1' (0x01)
27.572662999999999,pin4,'0' (0x00)
27.577176000000001,pin4,'0' (0x00)
27.581689000000001,pin4,'0' (0x00)
27.586203000000001,pin4,'166' (0xA6)
27.590716000000000,pin4,'0' (0x00)
27.595230000000001,pin4,'0' (0x00)
27.599743000000000,pin4,'0' (0x00)
27.604255999999999,pin4,'0' (0x00)
27.608770000000000,pin4,'155' (0x9B)
27.635784000000001,pin5,'252' (0xFC)
27.640367000000001,pin5,B (0x42)
27.644950999999999,pin5,'1' (0x01)
27.649535000000000,pin5,0 (0x30)
27.654118000000000,pin5,'16' (0x10)
27.658702000000002,pin5,'3' (0x03)
27.663284999999998,pin5,'0' (0x00)
27.667869000000000,pin5,'0' (0x00)
27.672453000000001,pin5,'0' (0x00)
27.677036000000001,pin5,'0' (0x00)
27.681619999999999,pin5,'0' (0x00)
27.686202999999999,pin5,'0' (0x00)
27.690787000000000,pin5,'0' (0x00)
27.695371000000002,pin5,'0' (0x00)
27.699954000000002,pin5,'0' (0x00)
27.704537999999999,pin5,'0' (0x00)
27.709122000000001,pin5,'0' (0x00)
27.713705000000001,pin5,'0' (0x00)
27.718288999999999,pin5,'0' (0x00)
27.722871999999999,pin5,'0' (0x00)
27.727456000000000,pin5,'0' (0x00)
27.732040000000001,pin5,z (0x7A)
27.754505999999999,pin4,'252' (0xFC)
27.759018999999999,pin4,b (0x62)
27.763532999999999,pin4,'1' (0x01)
27.768045999999998,pin4,0 (0x30)
27.772559999999999,pin4,'16' (0x10)
27.777073000000001,pin4,'3' (0x03)
27.781586000000001,pin4,'0' (0x00)
27.786100000000001,pin4,'0' (0x00)
27.790613000000000,pin4,'8' (0x08)
27.795126000000000,pin4,'0' (0x00)
27.799640000000000,pin4,'150' (0x96)
27.804152999999999,pin4,'165' (0xA5)
27.808667000000000,pin4,'0' (0x00)
27.813179999999999,pin4,'0' (0x00)
27.817692999999998,pin4,'0' (0x00)
27.822206999999999,pin4,'0' (0x00)
27.826720000000002,pin4,'0' (0x00)
27.831233999999998,pin4,'0' (0x00)
27.835747000000001,pin4,'0' (0x00)
27.840260000000001,pin4,'0' (0x00)
27.844774000000001,pin4,'0' (0x00)
27.849287000000000,pin4,'23' (0x17)
27.877673999999999,pin5,'252' (0xFC)
27.882256999999999,pin5,A (0x41)
27.886841000000000,pin5,'1' (0x01)
27.891424000000001,pin5,0 (0x30)
27.896007999999998,pin5,'16' (0x10)
27.900592000000000,pin5,'1' (0x01)
27.905175000000000,pin5,'11' (0x0B)
27.909759000000001,pin5,'0' (0x00)
27.914342000000001,pin5,'1' (0x01)
27.918925999999999,pin5,'7' (0x07)
27.923510000000000,pin5,'0' (0x00)
27.928093000000001,pin5,'5' (0x05)
27.932677000000002,pin5,'0' (0x00)
27.937259999999998,pin5,'0' (0x00)
27.941844000000000,pin5,'0' (0x00)
27.946428000000001,pin5,'0' (0x00)
27.951011000000001,pin5,'0' (0x00)
27.955594999999999,pin5,'0' (0x00)
27.960179000000000,pin5,'0' (0x00)
27.964762000000000,pin5,'128' (0x80)
27.969346000000002,pin5,'0' (0x00)
27.973928999999998,pin5,'229' (0xE5)
27.995228999999998,pin4,'252' (0xFC)
27.999742000000001,pin4,a (0x61)
28.004255000000001,pin4,'1' (0x01)
28.008769000000001,pin4,0 (0x30)
28.013282000000000,pin4,'16' (0x10)
28.017795000000000,pin4,'0' (0x00)
28.022309000000000,pin4,'0' (0x00)
28.026821999999999,pin4,'0' (0x00)
28.031336000000000,pin4,'0' (0x00)
28.035848999999999,pin4,'0' (0x00)
28.040361999999998,pin4,'0' (0x00)
28.044875999999999,pin4,'0' (0x00)
28.049389000000001,pin4,'0' (0x00)
28.053902999999998,pin4,'0' (0x00)
28.058416000000001,pin4,'0' (0x00)
28.062929000000000,pin4,'0' (0x00)
28.067443000000001,pin4,'0' (0x00)
28.071956000000000,pin4,'0' (0x00)
28.076468999999999,pin4,'0' (0x00)
28.080983000000000,pin4,'0' (0x00)
28.085495999999999,pin4,'0' (0x00)
28.090009999999999,pin4,^ (0x5E)
29.278645000000001,pin5,'252' (0xFC)
29.283228000000001,pin5,B (0x42)
29.287811999999999,pin5,'1' (0x01)
29.292396000000000,pin5,0 (0x30)
29.296979000000000,pin5,'16' (0x10)
29.301563000000002,pin5,'2' (0x02)
29.306145999999998,pin5,'0' (0x00)
29.310730000000000,pin5,'0' (0x00)
29.315314000000001,pin5,'0' (0x00)
29.319897000000001,pin5,'0' (0x00)
29.324480999999999,pin5,'0' (0x00)
29.329063999999999,pin5,'0' (0x00)
29.333648000000000,pin5,'0' (0x00)
29.338232000000001,pin5,'0' (0x00)
29.342815000000002,pin5,'0' (0x00)
29.347398999999999,pin5,'0' (0x00)
29.351983000000001,pin5,'0' (0x00)
29.356566000000001,pin5,'0' (0x00)
29.361149999999999,pin5,'0' (0x00)
29.365732999999999,pin5,'0' (0x00)
29.370317000000000,pin5,'0' (0x00)
29.374901000000001,pin5,{ (0x7B)
29.395327000000002,pin4,'252' (0xFC)
29.399840999999999,pin4,b (0x62)
29.404354000000001,pin4,'1' (0x01)
29.408867999999998,pin4,0 (0x30)
29.413381000000001,pin4,'16' (0x10)
29.417894000000000,pin4,'2' (0x02)
29.422408000000001,pin4,'0' (0x00)
29.426921000000000,pin4,'0' (0x00)
29.431433999999999,pin4,'1' (0x01)
29.435948000000000,pin4,'7' (0x07)
29.440460999999999,pin4,'12' (0x0C)
29.444974999999999,pin4,'5' (0x05)
29.449487999999999,pin4,'1' (0x01)
29.454001000000002,pin4,'0' (0x00)
29.458514999999998,pin4,'0' (0x00)
29.463028000000001,pin4,'0' (0x00)
29.467542000000002,pin4,'166' (0xA6)
29.472055000000001,pin4,'0' (0x00)
29.476568000000000,pin4,'0' (0x00)
29.481082000000001,pin4,'0' (0x00)
29.485595000000000,pin4,'0' (0x00)
29.490107999999999,pin4,'155' (0x9B)
29.516368000000000,pin5,'252' (0xFC)
29.520951000000000,pin5,B (0x42)
29.525535000000001,pin5,'1' (0x01)
29.530118000000002,pin5,0 (0x30)
29.534701999999999,pin5,'16' (0x10)
29.539286000000001,pin5,'3' (0x03)
29.543869000000001,pin5,'0' (0x00)
29.548452999999999,pin5,'0' (0x00)
29.553037000000000,pin5,'0' (0x00)
29.557620000000000,pin5,'0' (0x00)
29.562204000000001,pin5,'0' (0x00)
29.566787000000001,pin5,'0' (0x00)
29.571370999999999,pin5,'0' (0x00)
29.575955000000000,pin5,'0' (0x00)
29.580538000000001,pin5,'0' (0x00)
29.585121999999998,pin5,'0' (0x00)
29.589704999999999,pin5,'0' (0x00)
29.594289000000000,pin5,'0' (0x00)
29.598873000000001,pin5,'0' (0x00)
29.603456000000001,pin5,'0' (0x00)
29.608039999999999,pin5,'0' (0x00)
29.612624000000000,pin5,z (0x7A)
29.635280999999999,pin4,'252' (0xFC)
29.639793999999998,pin4,b (0x62)
29.644307000000001,pin4,'1' (0x01)
29.648821000000002,pin4,0 (0x30)
29.653334000000001,pin4,'16' (0x10)
29.657848000000001,pin4,'3' (0x03)
29.662361000000001,pin4,'0' (0x00)
29.666874000000000,pin4,'0' (0x00)
29.671388000000000,pin4,'8' (0x08)
29.675901000000000,pin4,'0' (0x00)
29.680413999999999,pin4,'150' (0x96)
29.684927999999999,pin4,'165' (0xA5)
29.689440999999999,pin4,'0' (0x00)
29.693954999999999,pin4,'0' (0x00)
29.698467999999998,pin4,'0' (0x00)
29.702981000000001,pin4,'0' (0x00)
29.707495000000002,pin4,'0' (0x00)
29.712008000000001,pin4,'0' (0x00)
29.716522000000001,pin4,'0' (0x00)
29.721035000000001,pin4,'0' (0x00)
29.725548000000000,pin4,'0' (0x00)
29.730062000000000,pin4,'23' (0x17)
29.758230999999999,pin5,'252' (0xFC)
29.762815000000000,pin5,A (0x41)
29.767399000000001,pin5,'1' (0x01)
29.771982000000001,pin5,0 (0x30)
29.776565999999999,pin5,'16' (0x10)
29.781148999999999,pin5,'1' (0x01)
29.785733000000000,pin5,'11' (0x0B)
29.790317000000002,pin5,'0' (0x00)
29.794899999999998,pin5,'1' (0x01)
29.799484000000000,pin5,'7' (0x07)
29.804068000000001,pin5,'0' (0x00)
29.808651000000001,pin5,'5' (0x05)
29.813234999999999,pin5,'0' (0x00)
29.817817999999999,pin5,'0' (0x00)
29.822402000000000,pin5,'0' (0x00)
29.826986000000002,pin5,'0' (0x00)
29.831568999999998,pin5,'0' (0x00)
29.836152999999999,pin5,'0' (0x00)
29.840736000000000,pin5,'0' (0x00)
29.845320000000001,pin5,'128' (0x80)
29.849903999999999,pin5,'0' (0x00)
29.854486999999999,pin5,'229' (0xE5)
29.875900999999999,pin4,'252' (0xFC)
29.880413999999998,pin4,a (0x61)
29.884927000000001,pin4,'1' (0x01)
29.889441000000001,pin4,0 (0x30)
29.893954000000001,pin4,'16' (0x10)
29.898467000000000,pin4,'0' (0x00)
29.902981000000000,pin4,'0' (0x00)
29.907494000000000,pin4,'0' (0x00)
29.912008000000000,pin4,'0' (0x00)
29.916520999999999,pin4,'0' (0x00)
29.921033999999999,pin4,'0' (0x00)
29.925547999999999,pin4,'0' (0x00)
29.930060999999998,pin4,'0' (0x00)
29.934574999999999,pin4,'0' (0x00)
29.939088000000002,pin4,'0' (0x00)
29.943601000000001,pin4,'0' (0x00)
29.948115000000001,pin4,'0' (0x00)
29.952628000000001,pin4,'0' (0x00)
29.957142000000001,pin4,'0' (0x00)
29.961655000000000,pin4,'0' (0x00)
29.966168000000000,pin4,'0' (0x00)
29.970682000000000,pin4,^ (0x5E)
